Workbook
Name B_travel: Business_travel[Fuel type]
Name businesstransport: Tabla20[Transport]
Name CNG: Tabla12[Units liters]
Name country: countries[Country]
Name E_commut: E_commuting[Fuel type]
Name Electric: Tabla12[Units DEFRA]
Name Electric_unit: Tabla14[Electric unit]
Name Electricity: Tabla14[Type]
Name Gasoil: units_mob_comb[Units]
Name hazard: Tabla18[Hazardousity]
Name Hybrid: Tabla12[Units DEFRA]
Name LPG: Tabla12[Units liters]
Name materials: Tabla16[Type]
Name Natural_gas: Tabla12[Units DEFRA]
Name Petrol_unleaded: units_mob_comb[Units]
Name Plugin_hybrid: Tabla12[Units DEFRA]
Name refrigerant: refrigerant_gases[Type of Gas]
Name SECTORS: Tabla3[Sectors]
Name Sources: #REF!
Name Sources_stat_comb: Tabla3[Sources]
Name transport: Tabla17[Mean of transport]
Name Type_mob_comb: Tabla4[Sources]
Name Type_of_sources: Tabla1[Sources]
Name Type_waste: Tabla5[Type]
Name UNIT: units_mob_comb[Units]
Name unit_DEFRA: Tabla12[[#All],[Units DEFRA]]
Name unit_raw: Tabla15[Unit]
Name UNITS: 'Scope 1'!$E$12:$E$15
Name Unknown: Tabla12[Units DEFRA]
Name waste: Tabla18[Treatment]

Sheet Index
B8: INDEX | E8: INSTRUCTIONS | G8: CELL LEGEND
B10: Emissions calculations | C10: Scope 1 | E10: Cells marked in green correspond to activity data entries. The grey cells provide both emission factors or other fixed parameters, as well as operations between all of them and the data entered for the emission calculation. The format of these green cells has been adapted as far as possible to the information received, and all calculations needed to go from primary data to emissions are always referenced on the same sheet for easy reference. | H10: Data entry
C11: Scope 2 | H11: Fixed parameters or intermediate calculations
C12: Scope 3-Water consumption | H12: Results
C13: Scope 3-Raw materials | H13: Drop-down option
C14: Scope 3-Upstream transportation | H14: Information on the data
C15: Scope 3-Downstream transportation
C16: Scope 3-Wate generation
C17: Scope 3-Business travel
C18: Scope 3-Employee commuting
B20: RESULTS-GHG PROTOCOL
B22: Calculation parameters | C22: Emission factors for scope 1 | E22: These tabs contain the emission factors necessary for the GHG emission calculations.
C23: Emission factors for scope 2
C24: Emission factors for scope 3
C25: Emission factors for waste

Sheet Scope 1
C6: SME sector
C7: Stationary combustion for energy industries
C10: Relevant data for stationary combustion | G10: Relevant data for mobile combustion
C11: Sources | D11: Sectors | E11: Unit | G11: Sources | H11: Units | I11: Units DEFRA | J11: Units liters
C12: Natural gas | D12: Stationary combustion for energy industries | E12: m3 | G12: Petrol_unleaded | H12: l | I12: km | J12: l
C13: Gasoil | D13: Manufacturing industries and construction | E13: kWh | G13: Gasoil | H13: km
C14: Motor gasoline | D14: Commercial/institutional | E14: l | G14: Hybrid
C15: LPG | D15: Residential and agriculture/forestry/fishing/fishing farms | E15: kg | G15: Plugin_hybrid
D16: Other | G16: Electric
G17: Natural_gas
G18: LPG
G19: Unknown
G20: CNG
A25: Emission source-stream: stationary combustion | S25: Emission source-stream: mobile combustion | AJ25: Emission source-stream: fugitive emissions
C27: Activity data | G27: EF | J27: GHG Emissions | T27: Activity data | X27: EF | AA27: GHG Emissions | AK27: Activity data | AO27: EF | AP27: GHG Emissions
C28: Activity description | D28: Fuel | E28: Annual consumption | F28: Unit | G28: kg CO2/TJ | H28: kg CH4/TJ | I28: kg N2O/TJ | J28: kg CO2 | K28: kg CH4 | L28: kg N2O | M28: tCO2 | N28: tCO2e (CH4) | O28: tCO2e(N2O) | P28: Total tCO2e | T28: Activity description | U28: Fuel/Type of car | V28: Annual distance traveled/consumption | W28: Unit | X28: kg CO2/l (km) | Y28: kg CH4/l (km) | Z28: kg N2O/l (km) | AA28: kg CO2 | AB28: kg CH4 | AC28: kg N2O | AD28: tCO2 | AE28: tCO2e (CH4) | AF28: tCO2e(N2O) | AG28: Total tCO2e | AK28: Activity description | AL28: Refrigerant gas | AM28: Annual consumption | AN28: Unit | AO28: kg CO2e/kg gas | AP28: kg CO2e | AQ28: Total tCO2e
G29: {=+_xlfn.IFS($C$7=$D$12,VLOOKUP(D29,'EF-S1'!$B$10:$E$13,2,),$C$7=$D$13,VLOOKUP(D29,'EF-S1'!$B$17:$E$20,2,),$C$7=$D$14,VLOOKUP(D29,'EF-S1'!$B$24:$E$27,2,),$C$7=$D$15,VLOOKUP(D29,'EF-S1'!$B$31:$E$34,2,))} -> #N/A | H29: {=+_xlfn.IFS($C$7=$D$12,VLOOKUP(D29,'EF-S1'!$B$10:$E$13,3,),$C$7=$D$13,VLOOKUP(D29,'EF-S1'!$B$17:$E$20,3,),$C$7=$D$14,VLOOKUP(D29,'EF-S1'!$B$24:$E$27,3,),$C$7=$D$15,VLOOKUP(D29,'EF-S1'!$B$31:$E$34,3,))} -> #N/A | I29: {=+_xlfn.IFS($C$7=$D$12,VLOOKUP(D29,'EF-S1'!$B$10:$E$13,4,),$C$7=$D$13,VLOOKUP(D29,'EF-S1'!$B$17:$E$20,4,),$C$7=$D$14,VLOOKUP(D29,'EF-S1'!$B$24:$E$27,4,),$C$7=$D$15,VLOOKUP(D29,'EF-S1'!$B$31:$E$34,4,))} -> #N/A | J29: {=+_xlfn.IFS(D29=$C$12,_xlfn.IFS(F29=$E$12,E29*G29*'EF-S1'!$C$38*1/'EF-S1'!$E$45,F29=$E$13,E29*G29*1/'EF-S1'!$E$45,F29=$E$14,E29*G29*'EF-S1'!$C$38*1/'EF-S1'!$E$45*1/'EF-S1'!$E$47,F29=$E$15,E29*G29*'EF-S1'!$D$38*1/'EF-S1'!$E$45),D29=$C$13,_xlfn.IFS(F29=$E$12,E29*G29*'EF-S1'!$C$39*1/'EF-S1'!$E$45,F29=$E$13,E29*G29*1/'EF-S1'!$E$45,F29=$E$14,E29*G29*'EF-S1'!$C$39*1/'EF-S1'!$E$45*1/'EF-S1'!$E$47,F29=$E$15,E29*G29*'EF-S1'!$D$39*1/'EF-S1'!$E$45),D29=$C$14,_xlfn.IFS(F29=$E$12,E29*G29*'EF-S1'!$C$40*1/'EF-S1'!$E$45,F29=$E$13,E29*G29*1/'EF-S1'!$E$45,F29=$E$14,E29*G29*'EF-S1'!$C$40*1/'EF-S1'!$E$45*1/'EF-S1'!$E$47,F29=$E$15,E29*G29*'EF-S1'!$D$40*1/'EF-S1'!$E$45),D29=$C$15,_xlfn.IFS(F29=$E$12,E29*G29*'EF-S1'!$C$41*1/'EF-S1'!$E$45,F29=$E$13,E29*G29*1/'EF-S1'!$E$45,F29=$E$14,E29*G29*'EF-S1'!$C$41*1/'EF-S1'!$E$45*1/'EF-S1'!$E$47,F29=$E$15,E29*G29*'EF-S1'!$D$41*1/'EF-S1'!$E$45))} -> #N/A | K29: {=+_xlfn.IFS(D29=$C$12,_xlfn.IFS(F29=$E$12,E29*H29*'EF-S1'!$C$38*1/'EF-S1'!$E$45,F29=$E$13,E29*H29*1/'EF-S1'!$E$45,F29=$E$14,E29*H29*'EF-S1'!$C$38*1/'EF-S1'!$E$45*1/'EF-S1'!$E$47,F29=$E$15,E29*H29*'EF-S1'!$D$38*1/'EF-S1'!$E$45),D29=$C$13,_xlfn.IFS(F29=$E$12,E29*H29*'EF-S1'!$C$39*1/'EF-S1'!$E$45,F29=$E$13,E29*H29*1/'EF-S1'!$E$45,F29=$E$14,E29*H29*'EF-S1'!$C$39*1/'EF-S1'!$E$45*1/'EF-S1'!$E$47,F29=$E$15,E29*H29*'EF-S1'!$D$39*1/'EF-S1'!$E$45),D29=$C$14,_xlfn.IFS(F29=$E$12,E29*H29*'EF-S1'!$C$40*1/'EF-S1'!$E$45,F29=$E$13,E29*H29*1/'EF-S1'!$E$45,F29=$E$14,E29*H29*'EF-S1'!$C$40*1/'EF-S1'!$E$45*1/'EF-S1'!$E$47,F29=$E$15,E29*H29*'EF-S1'!$D$40*1/'EF-S1'!$E$45),D29=$C$15,_xlfn.IFS(F29=$E$12,E29*H29*'EF-S1'!$C$41*1/'EF-S1'!$E$45,F29=$E$13,E29*H29*1/'EF-S1'!$E$45,F29=$E$14,E29*H29*'EF-S1'!$C$41*1/'EF-S1'!$E$45*1/'EF-S1'!$E$47,F29=$E$15,E29*H29*'EF-S1'!$D$41*1/'EF-S1'!$E$45))} -> #N/A | L29: {=+_xlfn.IFS(D29=$C$12,_xlfn.IFS(F29=$E$12,E29*I29*'EF-S1'!$C$38*1/'EF-S1'!$E$45,F29=$E$13,E29*I29*1/'EF-S1'!$E$45,F29=$E$14,E29*I29*'EF-S1'!$C$38*1/'EF-S1'!$E$45*1/'EF-S1'!$E$47,F29=$E$15,E29*I29*'EF-S1'!$D$38*1/'EF-S1'!$E$45),D29=$C$13,_xlfn.IFS(F29=$E$12,E29*I29*'EF-S1'!$C$39*1/'EF-S1'!$E$45,F29=$E$13,E29*I29*1/'EF-S1'!$E$45,F29=$E$14,E29*I29*'EF-S1'!$C$39*1/'EF-S1'!$E$45*1/'EF-S1'!$E$47,F29=$E$15,E29*I29*'EF-S1'!$D$39*1/'EF-S1'!$E$45),D29=$C$14,_xlfn.IFS(F29=$E$12,E29*I29*'EF-S1'!$C$40*1/'EF-S1'!$E$45,F29=$E$13,E29*I29*1/'EF-S1'!$E$45,F29=$E$14,E29*I29*'EF-S1'!$C$40*1/'EF-S1'!$E$45*1/'EF-S1'!$E$47,F29=$E$15,E29*I29*'EF-S1'!$D$40*1/'EF-S1'!$E$45),D29=$C$15,_xlfn.IFS(F29=$E$12,E29*I29*'EF-S1'!$C$41*1/'EF-S1'!$E$45,F29=$E$13,E29*I29*1/'EF-S1'!$E$45,F29=$E$14,E29*I29*'EF-S1'!$C$41*1/'EF-S1'!$E$45*1/'EF-S1'!$E$47,F29=$E$15,E29*I29*'EF-S1'!$D$41*1/'EF-S1'!$E$45))} -> #N/A | M29: =+J29/1000 -> #N/A | N29: =+K29/1000 -> #N/A | O29: =+L29/1000 -> #N/A | P29: =+IFERROR(SUM(M29:O29),0) -> 0 | X29: {=+_xlfn.IFS(W29="km",VLOOKUP(U29,'EF-S1'!$J$10:$M$16,2,),W29="l",VLOOKUP(U29,'EF-S1'!$J$26:$M$29,2,))} -> #N/A | Y29: {=+_xlfn.IFS(W29="km",VLOOKUP(U29,'EF-S1'!$J$10:$M$16,3,),W29="l",VLOOKUP(U29,'EF-S1'!$J$26:$M$29,3,))} -> #N/A | Z29: {=+_xlfn.IFS(W29="km",VLOOKUP(U29,'EF-S1'!$J$10:$M$16,4,),W29="l",VLOOKUP(U29,'EF-S1'!$J$26:$M$29,4,))} -> #N/A | AA29: =+$V29*X29 -> #N/A | AB29: =+$V29*Y29 -> #N/A | AC29: =+$V29*Z29 -> #N/A | AD29: =+AA29/1000 -> #N/A | AE29: =+AB29/1000 -> #N/A | AF29: =+AC29/1000 -> #N/A | AG29: =+IFERROR(SUM(AD29:AF29),0) -> 0 | AN29: kg | AO29: =+VLOOKUP(AL29,'EF-S1'!$U$10:$V$24,2,) -> #N/A | AP29: =+AM29*AO29 -> #N/A | AQ29: =+IFERROR(AP29/1000,0) -> 0
G30: {=+_xlfn.IFS($C$7=$D$12,VLOOKUP(D30,'EF-S1'!$B$10:$E$13,2,),$C$7=$D$13,VLOOKUP(D30,'EF-S1'!$B$17:$E$20,2,),$C$7=$D$14,VLOOKUP(D30,'EF-S1'!$B$24:$E$27,2,),$C$7=$D$15,VLOOKUP(D30,'EF-S1'!$B$31:$E$34,2,))} -> #N/A | H30: {=+_xlfn.IFS($C$7=$D$12,VLOOKUP(D30,'EF-S1'!$B$10:$E$13,3,),$C$7=$D$13,VLOOKUP(D30,'EF-S1'!$B$17:$E$20,3,),$C$7=$D$14,VLOOKUP(D30,'EF-S1'!$B$24:$E$27,3,),$C$7=$D$15,VLOOKUP(D30,'EF-S1'!$B$31:$E$34,3,))} -> #N/A | I30: {=+_xlfn.IFS($C$7=$D$12,VLOOKUP(D30,'EF-S1'!$B$10:$E$13,4,),$C$7=$D$13,VLOOKUP(D30,'EF-S1'!$B$17:$E$20,4,),$C$7=$D$14,VLOOKUP(D30,'EF-S1'!$B$24:$E$27,4,),$C$7=$D$15,VLOOKUP(D30,'EF-S1'!$B$31:$E$34,4,))} -> #N/A | J30: {=+_xlfn.IFS(D30=$C$12,_xlfn.IFS(F30=$E$12,E30*G30*'EF-S1'!$C$38*1/'EF-S1'!$E$45,F30=$E$13,E30*G30*1/'EF-S1'!$E$45,F30=$E$14,E30*G30*'EF-S1'!$C$38*1/'EF-S1'!$E$45*1/'EF-S1'!$E$47,F30=$E$15,E30*G30*'EF-S1'!$D$38*1/'EF-S1'!$E$45),D30=$C$13,_xlfn.IFS(F30=$E$12,E30*G30*'EF-S1'!$C$39*1/'EF-S1'!$E$45,F30=$E$13,E30*G30*1/'EF-S1'!$E$45,F30=$E$14,E30*G30*'EF-S1'!$C$39*1/'EF-S1'!$E$45*1/'EF-S1'!$E$47,F30=$E$15,E30*G30*'EF-S1'!$D$39*1/'EF-S1'!$E$45),D30=$C$14,_xlfn.IFS(F30=$E$12,E30*G30*'EF-S1'!$C$40*1/'EF-S1'!$E$45,F30=$E$13,E30*G30*1/'EF-S1'!$E$45,F30=$E$14,E30*G30*'EF-S1'!$C$40*1/'EF-S1'!$E$45*1/'EF-S1'!$E$47,F30=$E$15,E30*G30*'EF-S1'!$D$40*1/'EF-S1'!$E$45),D30=$C$15,_xlfn.IFS(F30=$E$12,E30*G30*'EF-S1'!$C$41*1/'EF-S1'!$E$45,F30=$E$13,E30*G30*1/'EF-S1'!$E$45,F30=$E$14,E30*G30*'EF-S1'!$C$41*1/'EF-S1'!$E$45*1/'EF-S1'!$E$47,F30=$E$15,E30*G30*'EF-S1'!$D$41*1/'EF-S1'!$E$45))} -> #N/A | K30: {=+_xlfn.IFS(D30=$C$12,_xlfn.IFS(F30=$E$12,E30*H30*'EF-S1'!$C$38*1/'EF-S1'!$E$45,F30=$E$13,E30*H30*1/'EF-S1'!$E$45,F30=$E$14,E30*H30*'EF-S1'!$C$38*1/'EF-S1'!$E$45*1/'EF-S1'!$E$47,F30=$E$15,E30*H30*'EF-S1'!$D$38*1/'EF-S1'!$E$45),D30=$C$13,_xlfn.IFS(F30=$E$12,E30*H30*'EF-S1'!$C$39*1/'EF-S1'!$E$45,F30=$E$13,E30*H30*1/'EF-S1'!$E$45,F30=$E$14,E30*H30*'EF-S1'!$C$39*1/'EF-S1'!$E$45*1/'EF-S1'!$E$47,F30=$E$15,E30*H30*'EF-S1'!$D$39*1/'EF-S1'!$E$45),D30=$C$14,_xlfn.IFS(F30=$E$12,E30*H30*'EF-S1'!$C$40*1/'EF-S1'!$E$45,F30=$E$13,E30*H30*1/'EF-S1'!$E$45,F30=$E$14,E30*H30*'EF-S1'!$C$40*1/'EF-S1'!$E$45*1/'EF-S1'!$E$47,F30=$E$15,E30*H30*'EF-S1'!$D$40*1/'EF-S1'!$E$45),D30=$C$15,_xlfn.IFS(F30=$E$12,E30*H30*'EF-S1'!$C$41*1/'EF-S1'!$E$45,F30=$E$13,E30*H30*1/'EF-S1'!$E$45,F30=$E$14,E30*H30*'EF-S1'!$C$41*1/'EF-S1'!$E$45*1/'EF-S1'!$E$47,F30=$E$15,E30*H30*'EF-S1'!$D$41*1/'EF-S1'!$E$45))} -> #N/A | L30: {=+_xlfn.IFS(D30=$C$12,_xlfn.IFS(F30=$E$12,E30*I30*'EF-S1'!$C$38*1/'EF-S1'!$E$45,F30=$E$13,E30*I30*1/'EF-S1'!$E$45,F30=$E$14,E30*I30*'EF-S1'!$C$38*1/'EF-S1'!$E$45*1/'EF-S1'!$E$47,F30=$E$15,E30*I30*'EF-S1'!$D$38*1/'EF-S1'!$E$45),D30=$C$13,_xlfn.IFS(F30=$E$12,E30*I30*'EF-S1'!$C$39*1/'EF-S1'!$E$45,F30=$E$13,E30*I30*1/'EF-S1'!$E$45,F30=$E$14,E30*I30*'EF-S1'!$C$39*1/'EF-S1'!$E$45*1/'EF-S1'!$E$47,F30=$E$15,E30*I30*'EF-S1'!$D$39*1/'EF-S1'!$E$45),D30=$C$14,_xlfn.IFS(F30=$E$12,E30*I30*'EF-S1'!$C$40*1/'EF-S1'!$E$45,F30=$E$13,E30*I30*1/'EF-S1'!$E$45,F30=$E$14,E30*I30*'EF-S1'!$C$40*1/'EF-S1'!$E$45*1/'EF-S1'!$E$47,F30=$E$15,E30*I30*'EF-S1'!$D$40*1/'EF-S1'!$E$45),D30=$C$15,_xlfn.IFS(F30=$E$12,E30*I30*'EF-S1'!$C$41*1/'EF-S1'!$E$45,F30=$E$13,E30*I30*1/'EF-S1'!$E$45,F30=$E$14,E30*I30*'EF-S1'!$C$41*1/'EF-S1'!$E$45*1/'EF-S1'!$E$47,F30=$E$15,E30*I30*'EF-S1'!$D$41*1/'EF-S1'!$E$45))} -> #N/A | M30: =+J30/1000 -> #N/A | N30: =+K30/1000 -> #N/A | O30: =+L30/1000 -> #N/A | P30: =+IFERROR(SUM(M30:O30),0) -> 0 | X30: {=+_xlfn.IFS(W30="km",VLOOKUP(U30,'EF-S1'!$J$10:$M$16,2,),W30="l",VLOOKUP(U30,'EF-S1'!$J$26:$M$29,2,))} -> #N/A | Y30: {=+_xlfn.IFS(W30="km",VLOOKUP(U30,'EF-S1'!$J$10:$M$16,3,),W30="l",VLOOKUP(U30,'EF-S1'!$J$26:$M$29,3,))} -> #N/A | Z30: {=+_xlfn.IFS(W30="km",VLOOKUP(U30,'EF-S1'!$J$10:$M$16,4,),W30="l",VLOOKUP(U30,'EF-S1'!$J$26:$M$29,4,))} -> #N/A | AA30: =+$V30*X30 -> #N/A | AB30: =+$V30*Y30 -> #N/A | AC30: =+$V30*Z30 -> #N/A | AD30: =+AA30/1000 -> #N/A | AE30: =+AB30/1000 -> #N/A | AF30: =+AC30/1000 -> #N/A | AG30: =+IFERROR(SUM(AD30:AF30),0) -> 0 | AN30: kg | AO30: =+VLOOKUP(AL30,'EF-S1'!$U$10:$V$24,2,) -> #N/A | AP30: =+AM30*AO30 -> #N/A | AQ30: =+IFERROR(AP30/1000,0) -> 0
G31: {=+_xlfn.IFS($C$7=$D$12,VLOOKUP(D31,'EF-S1'!$B$10:$E$13,2,),$C$7=$D$13,VLOOKUP(D31,'EF-S1'!$B$17:$E$20,2,),$C$7=$D$14,VLOOKUP(D31,'EF-S1'!$B$24:$E$27,2,),$C$7=$D$15,VLOOKUP(D31,'EF-S1'!$B$31:$E$34,2,))} -> #N/A | H31: {=+_xlfn.IFS($C$7=$D$12,VLOOKUP(D31,'EF-S1'!$B$10:$E$13,3,),$C$7=$D$13,VLOOKUP(D31,'EF-S1'!$B$17:$E$20,3,),$C$7=$D$14,VLOOKUP(D31,'EF-S1'!$B$24:$E$27,3,),$C$7=$D$15,VLOOKUP(D31,'EF-S1'!$B$31:$E$34,3,))} -> #N/A | I31: {=+_xlfn.IFS($C$7=$D$12,VLOOKUP(D31,'EF-S1'!$B$10:$E$13,4,),$C$7=$D$13,VLOOKUP(D31,'EF-S1'!$B$17:$E$20,4,),$C$7=$D$14,VLOOKUP(D31,'EF-S1'!$B$24:$E$27,4,),$C$7=$D$15,VLOOKUP(D31,'EF-S1'!$B$31:$E$34,4,))} -> #N/A | J31: {=+_xlfn.IFS(D31=$C$12,_xlfn.IFS(F31=$E$12,E31*G31*'EF-S1'!$C$38*1/'EF-S1'!$E$45,F31=$E$13,E31*G31*1/'EF-S1'!$E$45,F31=$E$14,E31*G31*'EF-S1'!$C$38*1/'EF-S1'!$E$45*1/'EF-S1'!$E$47,F31=$E$15,E31*G31*'EF-S1'!$D$38*1/'EF-S1'!$E$45),D31=$C$13,_xlfn.IFS(F31=$E$12,E31*G31*'EF-S1'!$C$39*1/'EF-S1'!$E$45,F31=$E$13,E31*G31*1/'EF-S1'!$E$45,F31=$E$14,E31*G31*'EF-S1'!$C$39*1/'EF-S1'!$E$45*1/'EF-S1'!$E$47,F31=$E$15,E31*G31*'EF-S1'!$D$39*1/'EF-S1'!$E$45),D31=$C$14,_xlfn.IFS(F31=$E$12,E31*G31*'EF-S1'!$C$40*1/'EF-S1'!$E$45,F31=$E$13,E31*G31*1/'EF-S1'!$E$45,F31=$E$14,E31*G31*'EF-S1'!$C$40*1/'EF-S1'!$E$45*1/'EF-S1'!$E$47,F31=$E$15,E31*G31*'EF-S1'!$D$40*1/'EF-S1'!$E$45),D31=$C$15,_xlfn.IFS(F31=$E$12,E31*G31*'EF-S1'!$C$41*1/'EF-S1'!$E$45,F31=$E$13,E31*G31*1/'EF-S1'!$E$45,F31=$E$14,E31*G31*'EF-S1'!$C$41*1/'EF-S1'!$E$45*1/'EF-S1'!$E$47,F31=$E$15,E31*G31*'EF-S1'!$D$41*1/'EF-S1'!$E$45))} -> #N/A | K31: {=+_xlfn.IFS(D31=$C$12,_xlfn.IFS(F31=$E$12,E31*H31*'EF-S1'!$C$38*1/'EF-S1'!$E$45,F31=$E$13,E31*H31*1/'EF-S1'!$E$45,F31=$E$14,E31*H31*'EF-S1'!$C$38*1/'EF-S1'!$E$45*1/'EF-S1'!$E$47,F31=$E$15,E31*H31*'EF-S1'!$D$38*1/'EF-S1'!$E$45),D31=$C$13,_xlfn.IFS(F31=$E$12,E31*H31*'EF-S1'!$C$39*1/'EF-S1'!$E$45,F31=$E$13,E31*H31*1/'EF-S1'!$E$45,F31=$E$14,E31*H31*'EF-S1'!$C$39*1/'EF-S1'!$E$45*1/'EF-S1'!$E$47,F31=$E$15,E31*H31*'EF-S1'!$D$39*1/'EF-S1'!$E$45),D31=$C$14,_xlfn.IFS(F31=$E$12,E31*H31*'EF-S1'!$C$40*1/'EF-S1'!$E$45,F31=$E$13,E31*H31*1/'EF-S1'!$E$45,F31=$E$14,E31*H31*'EF-S1'!$C$40*1/'EF-S1'!$E$45*1/'EF-S1'!$E$47,F31=$E$15,E31*H31*'EF-S1'!$D$40*1/'EF-S1'!$E$45),D31=$C$15,_xlfn.IFS(F31=$E$12,E31*H31*'EF-S1'!$C$41*1/'EF-S1'!$E$45,F31=$E$13,E31*H31*1/'EF-S1'!$E$45,F31=$E$14,E31*H31*'EF-S1'!$C$41*1/'EF-S1'!$E$45*1/'EF-S1'!$E$47,F31=$E$15,E31*H31*'EF-S1'!$D$41*1/'EF-S1'!$E$45))} -> #N/A | L31: {=+_xlfn.IFS(D31=$C$12,_xlfn.IFS(F31=$E$12,E31*I31*'EF-S1'!$C$38*1/'EF-S1'!$E$45,F31=$E$13,E31*I31*1/'EF-S1'!$E$45,F31=$E$14,E31*I31*'EF-S1'!$C$38*1/'EF-S1'!$E$45*1/'EF-S1'!$E$47,F31=$E$15,E31*I31*'EF-S1'!$D$38*1/'EF-S1'!$E$45),D31=$C$13,_xlfn.IFS(F31=$E$12,E31*I31*'EF-S1'!$C$39*1/'EF-S1'!$E$45,F31=$E$13,E31*I31*1/'EF-S1'!$E$45,F31=$E$14,E31*I31*'EF-S1'!$C$39*1/'EF-S1'!$E$45*1/'EF-S1'!$E$47,F31=$E$15,E31*I31*'EF-S1'!$D$39*1/'EF-S1'!$E$45),D31=$C$14,_xlfn.IFS(F31=$E$12,E31*I31*'EF-S1'!$C$40*1/'EF-S1'!$E$45,F31=$E$13,E31*I31*1/'EF-S1'!$E$45,F31=$E$14,E31*I31*'EF-S1'!$C$40*1/'EF-S1'!$E$45*1/'EF-S1'!$E$47,F31=$E$15,E31*I31*'EF-S1'!$D$40*1/'EF-S1'!$E$45),D31=$C$15,_xlfn.IFS(F31=$E$12,E31*I31*'EF-S1'!$C$41*1/'EF-S1'!$E$45,F31=$E$13,E31*I31*1/'EF-S1'!$E$45,F31=$E$14,E31*I31*'EF-S1'!$C$41*1/'EF-S1'!$E$45*1/'EF-S1'!$E$47,F31=$E$15,E31*I31*'EF-S1'!$D$41*1/'EF-S1'!$E$45))} -> #N/A | M31: =+J31/1000 -> #N/A | N31: =+K31/1000 -> #N/A | O31: =+L31/1000 -> #N/A | P31: =+IFERROR(SUM(M31:O31),0) -> 0 | X31: {=+_xlfn.IFS(W31="km",VLOOKUP(U31,'EF-S1'!$J$10:$M$16,2,),W31="l",VLOOKUP(U31,'EF-S1'!$J$26:$M$29,2,))} -> #N/A | Y31: {=+_xlfn.IFS(W31="km",VLOOKUP(U31,'EF-S1'!$J$10:$M$16,3,),W31="l",VLOOKUP(U31,'EF-S1'!$J$26:$M$29,3,))} -> #N/A | Z31: {=+_xlfn.IFS(W31="km",VLOOKUP(U31,'EF-S1'!$J$10:$M$16,4,),W31="l",VLOOKUP(U31,'EF-S1'!$J$26:$M$29,4,))} -> #N/A | AA31: =+$V31*X31 -> #N/A | AB31: =+$V31*Y31 -> #N/A | AC31: =+$V31*Z31 -> #N/A | AD31: =+AA31/1000 -> #N/A | AE31: =+AB31/1000 -> #N/A | AF31: =+AC31/1000 -> #N/A | AG31: =+IFERROR(SUM(AD31:AF31),0) -> 0 | AN31: kg | AO31: =+VLOOKUP(AL31,'EF-S1'!$U$10:$V$24,2,) -> #N/A | AP31: =+AM31*AO31 -> #N/A | AQ31: =+IFERROR(AP31/1000,0) -> 0
G32: {=+_xlfn.IFS($C$7=$D$12,VLOOKUP(D32,'EF-S1'!$B$10:$E$13,2,),$C$7=$D$13,VLOOKUP(D32,'EF-S1'!$B$17:$E$20,2,),$C$7=$D$14,VLOOKUP(D32,'EF-S1'!$B$24:$E$27,2,),$C$7=$D$15,VLOOKUP(D32,'EF-S1'!$B$31:$E$34,2,))} -> #N/A | H32: {=+_xlfn.IFS($C$7=$D$12,VLOOKUP(D32,'EF-S1'!$B$10:$E$13,3,),$C$7=$D$13,VLOOKUP(D32,'EF-S1'!$B$17:$E$20,3,),$C$7=$D$14,VLOOKUP(D32,'EF-S1'!$B$24:$E$27,3,),$C$7=$D$15,VLOOKUP(D32,'EF-S1'!$B$31:$E$34,3,))} -> #N/A | I32: {=+_xlfn.IFS($C$7=$D$12,VLOOKUP(D32,'EF-S1'!$B$10:$E$13,4,),$C$7=$D$13,VLOOKUP(D32,'EF-S1'!$B$17:$E$20,4,),$C$7=$D$14,VLOOKUP(D32,'EF-S1'!$B$24:$E$27,4,),$C$7=$D$15,VLOOKUP(D32,'EF-S1'!$B$31:$E$34,4,))} -> #N/A | J32: {=+_xlfn.IFS(D32=$C$12,_xlfn.IFS(F32=$E$12,E32*G32*'EF-S1'!$C$38*1/'EF-S1'!$E$45,F32=$E$13,E32*G32*1/'EF-S1'!$E$45,F32=$E$14,E32*G32*'EF-S1'!$C$38*1/'EF-S1'!$E$45*1/'EF-S1'!$E$47,F32=$E$15,E32*G32*'EF-S1'!$D$38*1/'EF-S1'!$E$45),D32=$C$13,_xlfn.IFS(F32=$E$12,E32*G32*'EF-S1'!$C$39*1/'EF-S1'!$E$45,F32=$E$13,E32*G32*1/'EF-S1'!$E$45,F32=$E$14,E32*G32*'EF-S1'!$C$39*1/'EF-S1'!$E$45*1/'EF-S1'!$E$47,F32=$E$15,E32*G32*'EF-S1'!$D$39*1/'EF-S1'!$E$45),D32=$C$14,_xlfn.IFS(F32=$E$12,E32*G32*'EF-S1'!$C$40*1/'EF-S1'!$E$45,F32=$E$13,E32*G32*1/'EF-S1'!$E$45,F32=$E$14,E32*G32*'EF-S1'!$C$40*1/'EF-S1'!$E$45*1/'EF-S1'!$E$47,F32=$E$15,E32*G32*'EF-S1'!$D$40*1/'EF-S1'!$E$45),D32=$C$15,_xlfn.IFS(F32=$E$12,E32*G32*'EF-S1'!$C$41*1/'EF-S1'!$E$45,F32=$E$13,E32*G32*1/'EF-S1'!$E$45,F32=$E$14,E32*G32*'EF-S1'!$C$41*1/'EF-S1'!$E$45*1/'EF-S1'!$E$47,F32=$E$15,E32*G32*'EF-S1'!$D$41*1/'EF-S1'!$E$45))} -> #N/A | K32: {=+_xlfn.IFS(D32=$C$12,_xlfn.IFS(F32=$E$12,E32*H32*'EF-S1'!$C$38*1/'EF-S1'!$E$45,F32=$E$13,E32*H32*1/'EF-S1'!$E$45,F32=$E$14,E32*H32*'EF-S1'!$C$38*1/'EF-S1'!$E$45*1/'EF-S1'!$E$47,F32=$E$15,E32*H32*'EF-S1'!$D$38*1/'EF-S1'!$E$45),D32=$C$13,_xlfn.IFS(F32=$E$12,E32*H32*'EF-S1'!$C$39*1/'EF-S1'!$E$45,F32=$E$13,E32*H32*1/'EF-S1'!$E$45,F32=$E$14,E32*H32*'EF-S1'!$C$39*1/'EF-S1'!$E$45*1/'EF-S1'!$E$47,F32=$E$15,E32*H32*'EF-S1'!$D$39*1/'EF-S1'!$E$45),D32=$C$14,_xlfn.IFS(F32=$E$12,E32*H32*'EF-S1'!$C$40*1/'EF-S1'!$E$45,F32=$E$13,E32*H32*1/'EF-S1'!$E$45,F32=$E$14,E32*H32*'EF-S1'!$C$40*1/'EF-S1'!$E$45*1/'EF-S1'!$E$47,F32=$E$15,E32*H32*'EF-S1'!$D$40*1/'EF-S1'!$E$45),D32=$C$15,_xlfn.IFS(F32=$E$12,E32*H32*'EF-S1'!$C$41*1/'EF-S1'!$E$45,F32=$E$13,E32*H32*1/'EF-S1'!$E$45,F32=$E$14,E32*H32*'EF-S1'!$C$41*1/'EF-S1'!$E$45*1/'EF-S1'!$E$47,F32=$E$15,E32*H32*'EF-S1'!$D$41*1/'EF-S1'!$E$45))} -> #N/A | L32: {=+_xlfn.IFS(D32=$C$12,_xlfn.IFS(F32=$E$12,E32*I32*'EF-S1'!$C$38*1/'EF-S1'!$E$45,F32=$E$13,E32*I32*1/'EF-S1'!$E$45,F32=$E$14,E32*I32*'EF-S1'!$C$38*1/'EF-S1'!$E$45*1/'EF-S1'!$E$47,F32=$E$15,E32*I32*'EF-S1'!$D$38*1/'EF-S1'!$E$45),D32=$C$13,_xlfn.IFS(F32=$E$12,E32*I32*'EF-S1'!$C$39*1/'EF-S1'!$E$45,F32=$E$13,E32*I32*1/'EF-S1'!$E$45,F32=$E$14,E32*I32*'EF-S1'!$C$39*1/'EF-S1'!$E$45*1/'EF-S1'!$E$47,F32=$E$15,E32*I32*'EF-S1'!$D$39*1/'EF-S1'!$E$45),D32=$C$14,_xlfn.IFS(F32=$E$12,E32*I32*'EF-S1'!$C$40*1/'EF-S1'!$E$45,F32=$E$13,E32*I32*1/'EF-S1'!$E$45,F32=$E$14,E32*I32*'EF-S1'!$C$40*1/'EF-S1'!$E$45*1/'EF-S1'!$E$47,F32=$E$15,E32*I32*'EF-S1'!$D$40*1/'EF-S1'!$E$45),D32=$C$15,_xlfn.IFS(F32=$E$12,E32*I32*'EF-S1'!$C$41*1/'EF-S1'!$E$45,F32=$E$13,E32*I32*1/'EF-S1'!$E$45,F32=$E$14,E32*I32*'EF-S1'!$C$41*1/'EF-S1'!$E$45*1/'EF-S1'!$E$47,F32=$E$15,E32*I32*'EF-S1'!$D$41*1/'EF-S1'!$E$45))} -> #N/A | M32: =+J32/1000 -> #N/A | N32: =+K32/1000 -> #N/A | O32: =+L32/1000 -> #N/A | P32: =+IFERROR(SUM(M32:O32),0) -> 0 | X32: {=+_xlfn.IFS(W32="km",VLOOKUP(U32,'EF-S1'!$J$10:$M$16,2,),W32="l",VLOOKUP(U32,'EF-S1'!$J$26:$M$29,2,))} -> #N/A | Y32: {=+_xlfn.IFS(W32="km",VLOOKUP(U32,'EF-S1'!$J$10:$M$16,3,),W32="l",VLOOKUP(U32,'EF-S1'!$J$26:$M$29,3,))} -> #N/A | Z32: {=+_xlfn.IFS(W32="km",VLOOKUP(U32,'EF-S1'!$J$10:$M$16,4,),W32="l",VLOOKUP(U32,'EF-S1'!$J$26:$M$29,4,))} -> #N/A | AA32: =+$V32*X32 -> #N/A | AB32: =+$V32*Y32 -> #N/A | AC32: =+$V32*Z32 -> #N/A | AD32: =+AA32/1000 -> #N/A | AE32: =+AB32/1000 -> #N/A | AF32: =+AC32/1000 -> #N/A | AG32: =+IFERROR(SUM(AD32:AF32),0) -> 0 | AN32: kg | AO32: =+VLOOKUP(AL32,'EF-S1'!$U$10:$V$24,2,) -> #N/A | AP32: =+AM32*AO32 -> #N/A | AQ32: =+IFERROR(AP32/1000,0) -> 0
G33: {=+_xlfn.IFS($C$7=$D$12,VLOOKUP(D33,'EF-S1'!$B$10:$E$13,2,),$C$7=$D$13,VLOOKUP(D33,'EF-S1'!$B$17:$E$20,2,),$C$7=$D$14,VLOOKUP(D33,'EF-S1'!$B$24:$E$27,2,),$C$7=$D$15,VLOOKUP(D33,'EF-S1'!$B$31:$E$34,2,))} -> #N/A | H33: {=+_xlfn.IFS($C$7=$D$12,VLOOKUP(D33,'EF-S1'!$B$10:$E$13,3,),$C$7=$D$13,VLOOKUP(D33,'EF-S1'!$B$17:$E$20,3,),$C$7=$D$14,VLOOKUP(D33,'EF-S1'!$B$24:$E$27,3,),$C$7=$D$15,VLOOKUP(D33,'EF-S1'!$B$31:$E$34,3,))} -> #N/A | I33: {=+_xlfn.IFS($C$7=$D$12,VLOOKUP(D33,'EF-S1'!$B$10:$E$13,4,),$C$7=$D$13,VLOOKUP(D33,'EF-S1'!$B$17:$E$20,4,),$C$7=$D$14,VLOOKUP(D33,'EF-S1'!$B$24:$E$27,4,),$C$7=$D$15,VLOOKUP(D33,'EF-S1'!$B$31:$E$34,4,))} -> #N/A | J33: {=+_xlfn.IFS(D33=$C$12,_xlfn.IFS(F33=$E$12,E33*G33*'EF-S1'!$C$38*1/'EF-S1'!$E$45,F33=$E$13,E33*G33*1/'EF-S1'!$E$45,F33=$E$14,E33*G33*'EF-S1'!$C$38*1/'EF-S1'!$E$45*1/'EF-S1'!$E$47,F33=$E$15,E33*G33*'EF-S1'!$D$38*1/'EF-S1'!$E$45),D33=$C$13,_xlfn.IFS(F33=$E$12,E33*G33*'EF-S1'!$C$39*1/'EF-S1'!$E$45,F33=$E$13,E33*G33*1/'EF-S1'!$E$45,F33=$E$14,E33*G33*'EF-S1'!$C$39*1/'EF-S1'!$E$45*1/'EF-S1'!$E$47,F33=$E$15,E33*G33*'EF-S1'!$D$39*1/'EF-S1'!$E$45),D33=$C$14,_xlfn.IFS(F33=$E$12,E33*G33*'EF-S1'!$C$40*1/'EF-S1'!$E$45,F33=$E$13,E33*G33*1/'EF-S1'!$E$45,F33=$E$14,E33*G33*'EF-S1'!$C$40*1/'EF-S1'!$E$45*1/'EF-S1'!$E$47,F33=$E$15,E33*G33*'EF-S1'!$D$40*1/'EF-S1'!$E$45),D33=$C$15,_xlfn.IFS(F33=$E$12,E33*G33*'EF-S1'!$C$41*1/'EF-S1'!$E$45,F33=$E$13,E33*G33*1/'EF-S1'!$E$45,F33=$E$14,E33*G33*'EF-S1'!$C$41*1/'EF-S1'!$E$45*1/'EF-S1'!$E$47,F33=$E$15,E33*G33*'EF-S1'!$D$41*1/'EF-S1'!$E$45))} -> #N/A | K33: {=+_xlfn.IFS(D33=$C$12,_xlfn.IFS(F33=$E$12,E33*H33*'EF-S1'!$C$38*1/'EF-S1'!$E$45,F33=$E$13,E33*H33*1/'EF-S1'!$E$45,F33=$E$14,E33*H33*'EF-S1'!$C$38*1/'EF-S1'!$E$45*1/'EF-S1'!$E$47,F33=$E$15,E33*H33*'EF-S1'!$D$38*1/'EF-S1'!$E$45),D33=$C$13,_xlfn.IFS(F33=$E$12,E33*H33*'EF-S1'!$C$39*1/'EF-S1'!$E$45,F33=$E$13,E33*H33*1/'EF-S1'!$E$45,F33=$E$14,E33*H33*'EF-S1'!$C$39*1/'EF-S1'!$E$45*1/'EF-S1'!$E$47,F33=$E$15,E33*H33*'EF-S1'!$D$39*1/'EF-S1'!$E$45),D33=$C$14,_xlfn.IFS(F33=$E$12,E33*H33*'EF-S1'!$C$40*1/'EF-S1'!$E$45,F33=$E$13,E33*H33*1/'EF-S1'!$E$45,F33=$E$14,E33*H33*'EF-S1'!$C$40*1/'EF-S1'!$E$45*1/'EF-S1'!$E$47,F33=$E$15,E33*H33*'EF-S1'!$D$40*1/'EF-S1'!$E$45),D33=$C$15,_xlfn.IFS(F33=$E$12,E33*H33*'EF-S1'!$C$41*1/'EF-S1'!$E$45,F33=$E$13,E33*H33*1/'EF-S1'!$E$45,F33=$E$14,E33*H33*'EF-S1'!$C$41*1/'EF-S1'!$E$45*1/'EF-S1'!$E$47,F33=$E$15,E33*H33*'EF-S1'!$D$41*1/'EF-S1'!$E$45))} -> #N/A | L33: {=+_xlfn.IFS(D33=$C$12,_xlfn.IFS(F33=$E$12,E33*I33*'EF-S1'!$C$38*1/'EF-S1'!$E$45,F33=$E$13,E33*I33*1/'EF-S1'!$E$45,F33=$E$14,E33*I33*'EF-S1'!$C$38*1/'EF-S1'!$E$45*1/'EF-S1'!$E$47,F33=$E$15,E33*I33*'EF-S1'!$D$38*1/'EF-S1'!$E$45),D33=$C$13,_xlfn.IFS(F33=$E$12,E33*I33*'EF-S1'!$C$39*1/'EF-S1'!$E$45,F33=$E$13,E33*I33*1/'EF-S1'!$E$45,F33=$E$14,E33*I33*'EF-S1'!$C$39*1/'EF-S1'!$E$45*1/'EF-S1'!$E$47,F33=$E$15,E33*I33*'EF-S1'!$D$39*1/'EF-S1'!$E$45),D33=$C$14,_xlfn.IFS(F33=$E$12,E33*I33*'EF-S1'!$C$40*1/'EF-S1'!$E$45,F33=$E$13,E33*I33*1/'EF-S1'!$E$45,F33=$E$14,E33*I33*'EF-S1'!$C$40*1/'EF-S1'!$E$45*1/'EF-S1'!$E$47,F33=$E$15,E33*I33*'EF-S1'!$D$40*1/'EF-S1'!$E$45),D33=$C$15,_xlfn.IFS(F33=$E$12,E33*I33*'EF-S1'!$C$41*1/'EF-S1'!$E$45,F33=$E$13,E33*I33*1/'EF-S1'!$E$45,F33=$E$14,E33*I33*'EF-S1'!$C$41*1/'EF-S1'!$E$45*1/'EF-S1'!$E$47,F33=$E$15,E33*I33*'EF-S1'!$D$41*1/'EF-S1'!$E$45))} -> #N/A | M33: =+J33/1000 -> #N/A | N33: =+K33/1000 -> #N/A | O33: =+L33/1000 -> #N/A | P33: =+IFERROR(SUM(M33:O33),0) -> 0 | X33: {=+_xlfn.IFS(W33="km",VLOOKUP(U33,'EF-S1'!$J$10:$M$16,2,),W33="l",VLOOKUP(U33,'EF-S1'!$J$26:$M$29,2,))} -> #N/A | Y33: {=+_xlfn.IFS(W33="km",VLOOKUP(U33,'EF-S1'!$J$10:$M$16,3,),W33="l",VLOOKUP(U33,'EF-S1'!$J$26:$M$29,3,))} -> #N/A | Z33: {=+_xlfn.IFS(W33="km",VLOOKUP(U33,'EF-S1'!$J$10:$M$16,4,),W33="l",VLOOKUP(U33,'EF-S1'!$J$26:$M$29,4,))} -> #N/A | AA33: =+$V33*X33 -> #N/A | AB33: =+$V33*Y33 -> #N/A | AC33: =+$V33*Z33 -> #N/A | AD33: =+AA33/1000 -> #N/A | AE33: =+AB33/1000 -> #N/A | AF33: =+AC33/1000 -> #N/A | AG33: =+IFERROR(SUM(AD33:AF33),0) -> 0 | AN33: kg | AO33: =+VLOOKUP(AL33,'EF-S1'!$U$10:$V$24,2,) -> #N/A | AP33: =+AM33*AO33 -> #N/A | AQ33: =+IFERROR(AP33/1000,0) -> 0
G34: {=+_xlfn.IFS($C$7=$D$12,VLOOKUP(D34,'EF-S1'!$B$10:$E$13,2,),$C$7=$D$13,VLOOKUP(D34,'EF-S1'!$B$17:$E$20,2,),$C$7=$D$14,VLOOKUP(D34,'EF-S1'!$B$24:$E$27,2,),$C$7=$D$15,VLOOKUP(D34,'EF-S1'!$B$31:$E$34,2,))} -> #N/A | H34: {=+_xlfn.IFS($C$7=$D$12,VLOOKUP(D34,'EF-S1'!$B$10:$E$13,3,),$C$7=$D$13,VLOOKUP(D34,'EF-S1'!$B$17:$E$20,3,),$C$7=$D$14,VLOOKUP(D34,'EF-S1'!$B$24:$E$27,3,),$C$7=$D$15,VLOOKUP(D34,'EF-S1'!$B$31:$E$34,3,))} -> #N/A | I34: {=+_xlfn.IFS($C$7=$D$12,VLOOKUP(D34,'EF-S1'!$B$10:$E$13,4,),$C$7=$D$13,VLOOKUP(D34,'EF-S1'!$B$17:$E$20,4,),$C$7=$D$14,VLOOKUP(D34,'EF-S1'!$B$24:$E$27,4,),$C$7=$D$15,VLOOKUP(D34,'EF-S1'!$B$31:$E$34,4,))} -> #N/A | J34: {=+_xlfn.IFS(D34=$C$12,_xlfn.IFS(F34=$E$12,E34*G34*'EF-S1'!$C$38*1/'EF-S1'!$E$45,F34=$E$13,E34*G34*1/'EF-S1'!$E$45,F34=$E$14,E34*G34*'EF-S1'!$C$38*1/'EF-S1'!$E$45*1/'EF-S1'!$E$47,F34=$E$15,E34*G34*'EF-S1'!$D$38*1/'EF-S1'!$E$45),D34=$C$13,_xlfn.IFS(F34=$E$12,E34*G34*'EF-S1'!$C$39*1/'EF-S1'!$E$45,F34=$E$13,E34*G34*1/'EF-S1'!$E$45,F34=$E$14,E34*G34*'EF-S1'!$C$39*1/'EF-S1'!$E$45*1/'EF-S1'!$E$47,F34=$E$15,E34*G34*'EF-S1'!$D$39*1/'EF-S1'!$E$45),D34=$C$14,_xlfn.IFS(F34=$E$12,E34*G34*'EF-S1'!$C$40*1/'EF-S1'!$E$45,F34=$E$13,E34*G34*1/'EF-S1'!$E$45,F34=$E$14,E34*G34*'EF-S1'!$C$40*1/'EF-S1'!$E$45*1/'EF-S1'!$E$47,F34=$E$15,E34*G34*'EF-S1'!$D$40*1/'EF-S1'!$E$45),D34=$C$15,_xlfn.IFS(F34=$E$12,E34*G34*'EF-S1'!$C$41*1/'EF-S1'!$E$45,F34=$E$13,E34*G34*1/'EF-S1'!$E$45,F34=$E$14,E34*G34*'EF-S1'!$C$41*1/'EF-S1'!$E$45*1/'EF-S1'!$E$47,F34=$E$15,E34*G34*'EF-S1'!$D$41*1/'EF-S1'!$E$45))} -> #N/A | K34: {=+_xlfn.IFS(D34=$C$12,_xlfn.IFS(F34=$E$12,E34*H34*'EF-S1'!$C$38*1/'EF-S1'!$E$45,F34=$E$13,E34*H34*1/'EF-S1'!$E$45,F34=$E$14,E34*H34*'EF-S1'!$C$38*1/'EF-S1'!$E$45*1/'EF-S1'!$E$47,F34=$E$15,E34*H34*'EF-S1'!$D$38*1/'EF-S1'!$E$45),D34=$C$13,_xlfn.IFS(F34=$E$12,E34*H34*'EF-S1'!$C$39*1/'EF-S1'!$E$45,F34=$E$13,E34*H34*1/'EF-S1'!$E$45,F34=$E$14,E34*H34*'EF-S1'!$C$39*1/'EF-S1'!$E$45*1/'EF-S1'!$E$47,F34=$E$15,E34*H34*'EF-S1'!$D$39*1/'EF-S1'!$E$45),D34=$C$14,_xlfn.IFS(F34=$E$12,E34*H34*'EF-S1'!$C$40*1/'EF-S1'!$E$45,F34=$E$13,E34*H34*1/'EF-S1'!$E$45,F34=$E$14,E34*H34*'EF-S1'!$C$40*1/'EF-S1'!$E$45*1/'EF-S1'!$E$47,F34=$E$15,E34*H34*'EF-S1'!$D$40*1/'EF-S1'!$E$45),D34=$C$15,_xlfn.IFS(F34=$E$12,E34*H34*'EF-S1'!$C$41*1/'EF-S1'!$E$45,F34=$E$13,E34*H34*1/'EF-S1'!$E$45,F34=$E$14,E34*H34*'EF-S1'!$C$41*1/'EF-S1'!$E$45*1/'EF-S1'!$E$47,F34=$E$15,E34*H34*'EF-S1'!$D$41*1/'EF-S1'!$E$45))} -> #N/A | L34: {=+_xlfn.IFS(D34=$C$12,_xlfn.IFS(F34=$E$12,E34*I34*'EF-S1'!$C$38*1/'EF-S1'!$E$45,F34=$E$13,E34*I34*1/'EF-S1'!$E$45,F34=$E$14,E34*I34*'EF-S1'!$C$38*1/'EF-S1'!$E$45*1/'EF-S1'!$E$47,F34=$E$15,E34*I34*'EF-S1'!$D$38*1/'EF-S1'!$E$45),D34=$C$13,_xlfn.IFS(F34=$E$12,E34*I34*'EF-S1'!$C$39*1/'EF-S1'!$E$45,F34=$E$13,E34*I34*1/'EF-S1'!$E$45,F34=$E$14,E34*I34*'EF-S1'!$C$39*1/'EF-S1'!$E$45*1/'EF-S1'!$E$47,F34=$E$15,E34*I34*'EF-S1'!$D$39*1/'EF-S1'!$E$45),D34=$C$14,_xlfn.IFS(F34=$E$12,E34*I34*'EF-S1'!$C$40*1/'EF-S1'!$E$45,F34=$E$13,E34*I34*1/'EF-S1'!$E$45,F34=$E$14,E34*I34*'EF-S1'!$C$40*1/'EF-S1'!$E$45*1/'EF-S1'!$E$47,F34=$E$15,E34*I34*'EF-S1'!$D$40*1/'EF-S1'!$E$45),D34=$C$15,_xlfn.IFS(F34=$E$12,E34*I34*'EF-S1'!$C$41*1/'EF-S1'!$E$45,F34=$E$13,E34*I34*1/'EF-S1'!$E$45,F34=$E$14,E34*I34*'EF-S1'!$C$41*1/'EF-S1'!$E$45*1/'EF-S1'!$E$47,F34=$E$15,E34*I34*'EF-S1'!$D$41*1/'EF-S1'!$E$45))} -> #N/A | M34: =+J34/1000 -> #N/A | N34: =+K34/1000 -> #N/A | O34: =+L34/1000 -> #N/A | P34: =+IFERROR(SUM(M34:O34),0) -> 0 | X34: {=+_xlfn.IFS(W34="km",VLOOKUP(U34,'EF-S1'!$J$10:$M$16,2,),W34="l",VLOOKUP(U34,'EF-S1'!$J$26:$M$29,2,))} -> #N/A | Y34: {=+_xlfn.IFS(W34="km",VLOOKUP(U34,'EF-S1'!$J$10:$M$16,3,),W34="l",VLOOKUP(U34,'EF-S1'!$J$26:$M$29,3,))} -> #N/A | Z34: {=+_xlfn.IFS(W34="km",VLOOKUP(U34,'EF-S1'!$J$10:$M$16,4,),W34="l",VLOOKUP(U34,'EF-S1'!$J$26:$M$29,4,))} -> #N/A | AA34: =+$V34*X34 -> #N/A | AB34: =+$V34*Y34 -> #N/A | AC34: =+$V34*Z34 -> #N/A | AD34: =+AA34/1000 -> #N/A | AE34: =+AB34/1000 -> #N/A | AF34: =+AC34/1000 -> #N/A | AG34: =+IFERROR(SUM(AD34:AF34),0) -> 0 | AN34: kg | AO34: =+VLOOKUP(AL34,'EF-S1'!$U$10:$V$24,2,) -> #N/A | AP34: =+AM34*AO34 -> #N/A | AQ34: =+IFERROR(AP34/1000,0) -> 0
G35: {=+_xlfn.IFS($C$7=$D$12,VLOOKUP(D35,'EF-S1'!$B$10:$E$13,2,),$C$7=$D$13,VLOOKUP(D35,'EF-S1'!$B$17:$E$20,2,),$C$7=$D$14,VLOOKUP(D35,'EF-S1'!$B$24:$E$27,2,),$C$7=$D$15,VLOOKUP(D35,'EF-S1'!$B$31:$E$34,2,))} -> #N/A | H35: {=+_xlfn.IFS($C$7=$D$12,VLOOKUP(D35,'EF-S1'!$B$10:$E$13,3,),$C$7=$D$13,VLOOKUP(D35,'EF-S1'!$B$17:$E$20,3,),$C$7=$D$14,VLOOKUP(D35,'EF-S1'!$B$24:$E$27,3,),$C$7=$D$15,VLOOKUP(D35,'EF-S1'!$B$31:$E$34,3,))} -> #N/A | I35: {=+_xlfn.IFS($C$7=$D$12,VLOOKUP(D35,'EF-S1'!$B$10:$E$13,4,),$C$7=$D$13,VLOOKUP(D35,'EF-S1'!$B$17:$E$20,4,),$C$7=$D$14,VLOOKUP(D35,'EF-S1'!$B$24:$E$27,4,),$C$7=$D$15,VLOOKUP(D35,'EF-S1'!$B$31:$E$34,4,))} -> #N/A | J35: {=+_xlfn.IFS(D35=$C$12,_xlfn.IFS(F35=$E$12,E35*G35*'EF-S1'!$C$38*1/'EF-S1'!$E$45,F35=$E$13,E35*G35*1/'EF-S1'!$E$45,F35=$E$14,E35*G35*'EF-S1'!$C$38*1/'EF-S1'!$E$45*1/'EF-S1'!$E$47,F35=$E$15,E35*G35*'EF-S1'!$D$38*1/'EF-S1'!$E$45),D35=$C$13,_xlfn.IFS(F35=$E$12,E35*G35*'EF-S1'!$C$39*1/'EF-S1'!$E$45,F35=$E$13,E35*G35*1/'EF-S1'!$E$45,F35=$E$14,E35*G35*'EF-S1'!$C$39*1/'EF-S1'!$E$45*1/'EF-S1'!$E$47,F35=$E$15,E35*G35*'EF-S1'!$D$39*1/'EF-S1'!$E$45),D35=$C$14,_xlfn.IFS(F35=$E$12,E35*G35*'EF-S1'!$C$40*1/'EF-S1'!$E$45,F35=$E$13,E35*G35*1/'EF-S1'!$E$45,F35=$E$14,E35*G35*'EF-S1'!$C$40*1/'EF-S1'!$E$45*1/'EF-S1'!$E$47,F35=$E$15,E35*G35*'EF-S1'!$D$40*1/'EF-S1'!$E$45),D35=$C$15,_xlfn.IFS(F35=$E$12,E35*G35*'EF-S1'!$C$41*1/'EF-S1'!$E$45,F35=$E$13,E35*G35*1/'EF-S1'!$E$45,F35=$E$14,E35*G35*'EF-S1'!$C$41*1/'EF-S1'!$E$45*1/'EF-S1'!$E$47,F35=$E$15,E35*G35*'EF-S1'!$D$41*1/'EF-S1'!$E$45))} -> #N/A | K35: {=+_xlfn.IFS(D35=$C$12,_xlfn.IFS(F35=$E$12,E35*H35*'EF-S1'!$C$38*1/'EF-S1'!$E$45,F35=$E$13,E35*H35*1/'EF-S1'!$E$45,F35=$E$14,E35*H35*'EF-S1'!$C$38*1/'EF-S1'!$E$45*1/'EF-S1'!$E$47,F35=$E$15,E35*H35*'EF-S1'!$D$38*1/'EF-S1'!$E$45),D35=$C$13,_xlfn.IFS(F35=$E$12,E35*H35*'EF-S1'!$C$39*1/'EF-S1'!$E$45,F35=$E$13,E35*H35*1/'EF-S1'!$E$45,F35=$E$14,E35*H35*'EF-S1'!$C$39*1/'EF-S1'!$E$45*1/'EF-S1'!$E$47,F35=$E$15,E35*H35*'EF-S1'!$D$39*1/'EF-S1'!$E$45),D35=$C$14,_xlfn.IFS(F35=$E$12,E35*H35*'EF-S1'!$C$40*1/'EF-S1'!$E$45,F35=$E$13,E35*H35*1/'EF-S1'!$E$45,F35=$E$14,E35*H35*'EF-S1'!$C$40*1/'EF-S1'!$E$45*1/'EF-S1'!$E$47,F35=$E$15,E35*H35*'EF-S1'!$D$40*1/'EF-S1'!$E$45),D35=$C$15,_xlfn.IFS(F35=$E$12,E35*H35*'EF-S1'!$C$41*1/'EF-S1'!$E$45,F35=$E$13,E35*H35*1/'EF-S1'!$E$45,F35=$E$14,E35*H35*'EF-S1'!$C$41*1/'EF-S1'!$E$45*1/'EF-S1'!$E$47,F35=$E$15,E35*H35*'EF-S1'!$D$41*1/'EF-S1'!$E$45))} -> #N/A | L35: {=+_xlfn.IFS(D35=$C$12,_xlfn.IFS(F35=$E$12,E35*I35*'EF-S1'!$C$38*1/'EF-S1'!$E$45,F35=$E$13,E35*I35*1/'EF-S1'!$E$45,F35=$E$14,E35*I35*'EF-S1'!$C$38*1/'EF-S1'!$E$45*1/'EF-S1'!$E$47,F35=$E$15,E35*I35*'EF-S1'!$D$38*1/'EF-S1'!$E$45),D35=$C$13,_xlfn.IFS(F35=$E$12,E35*I35*'EF-S1'!$C$39*1/'EF-S1'!$E$45,F35=$E$13,E35*I35*1/'EF-S1'!$E$45,F35=$E$14,E35*I35*'EF-S1'!$C$39*1/'EF-S1'!$E$45*1/'EF-S1'!$E$47,F35=$E$15,E35*I35*'EF-S1'!$D$39*1/'EF-S1'!$E$45),D35=$C$14,_xlfn.IFS(F35=$E$12,E35*I35*'EF-S1'!$C$40*1/'EF-S1'!$E$45,F35=$E$13,E35*I35*1/'EF-S1'!$E$45,F35=$E$14,E35*I35*'EF-S1'!$C$40*1/'EF-S1'!$E$45*1/'EF-S1'!$E$47,F35=$E$15,E35*I35*'EF-S1'!$D$40*1/'EF-S1'!$E$45),D35=$C$15,_xlfn.IFS(F35=$E$12,E35*I35*'EF-S1'!$C$41*1/'EF-S1'!$E$45,F35=$E$13,E35*I35*1/'EF-S1'!$E$45,F35=$E$14,E35*I35*'EF-S1'!$C$41*1/'EF-S1'!$E$45*1/'EF-S1'!$E$47,F35=$E$15,E35*I35*'EF-S1'!$D$41*1/'EF-S1'!$E$45))} -> #N/A | M35: =+J35/1000 -> #N/A | N35: =+K35/1000 -> #N/A | O35: =+L35/1000 -> #N/A | P35: =+IFERROR(SUM(M35:O35),0) -> 0 | X35: {=+_xlfn.IFS(W35="km",VLOOKUP(U35,'EF-S1'!$J$10:$M$16,2,),W35="l",VLOOKUP(U35,'EF-S1'!$J$26:$M$29,2,))} -> #N/A | Y35: {=+_xlfn.IFS(W35="km",VLOOKUP(U35,'EF-S1'!$J$10:$M$16,3,),W35="l",VLOOKUP(U35,'EF-S1'!$J$26:$M$29,3,))} -> #N/A | Z35: {=+_xlfn.IFS(W35="km",VLOOKUP(U35,'EF-S1'!$J$10:$M$16,4,),W35="l",VLOOKUP(U35,'EF-S1'!$J$26:$M$29,4,))} -> #N/A | AA35: =+$V35*X35 -> #N/A | AB35: =+$V35*Y35 -> #N/A | AC35: =+$V35*Z35 -> #N/A | AD35: =+AA35/1000 -> #N/A | AE35: =+AB35/1000 -> #N/A | AF35: =+AC35/1000 -> #N/A | AG35: =+IFERROR(SUM(AD35:AF35),0) -> 0 | AN35: kg | AO35: =+VLOOKUP(AL35,'EF-S1'!$U$10:$V$24,2,) -> #N/A | AP35: =+AM35*AO35 -> #N/A | AQ35: =+IFERROR(AP35/1000,0) -> 0
G36: {=+_xlfn.IFS($C$7=$D$12,VLOOKUP(D36,'EF-S1'!$B$10:$E$13,2,),$C$7=$D$13,VLOOKUP(D36,'EF-S1'!$B$17:$E$20,2,),$C$7=$D$14,VLOOKUP(D36,'EF-S1'!$B$24:$E$27,2,),$C$7=$D$15,VLOOKUP(D36,'EF-S1'!$B$31:$E$34,2,))} -> #N/A | H36: {=+_xlfn.IFS($C$7=$D$12,VLOOKUP(D36,'EF-S1'!$B$10:$E$13,3,),$C$7=$D$13,VLOOKUP(D36,'EF-S1'!$B$17:$E$20,3,),$C$7=$D$14,VLOOKUP(D36,'EF-S1'!$B$24:$E$27,3,),$C$7=$D$15,VLOOKUP(D36,'EF-S1'!$B$31:$E$34,3,))} -> #N/A | I36: {=+_xlfn.IFS($C$7=$D$12,VLOOKUP(D36,'EF-S1'!$B$10:$E$13,4,),$C$7=$D$13,VLOOKUP(D36,'EF-S1'!$B$17:$E$20,4,),$C$7=$D$14,VLOOKUP(D36,'EF-S1'!$B$24:$E$27,4,),$C$7=$D$15,VLOOKUP(D36,'EF-S1'!$B$31:$E$34,4,))} -> #N/A | J36: {=+_xlfn.IFS(D36=$C$12,_xlfn.IFS(F36=$E$12,E36*G36*'EF-S1'!$C$38*1/'EF-S1'!$E$45,F36=$E$13,E36*G36*1/'EF-S1'!$E$45,F36=$E$14,E36*G36*'EF-S1'!$C$38*1/'EF-S1'!$E$45*1/'EF-S1'!$E$47,F36=$E$15,E36*G36*'EF-S1'!$D$38*1/'EF-S1'!$E$45),D36=$C$13,_xlfn.IFS(F36=$E$12,E36*G36*'EF-S1'!$C$39*1/'EF-S1'!$E$45,F36=$E$13,E36*G36*1/'EF-S1'!$E$45,F36=$E$14,E36*G36*'EF-S1'!$C$39*1/'EF-S1'!$E$45*1/'EF-S1'!$E$47,F36=$E$15,E36*G36*'EF-S1'!$D$39*1/'EF-S1'!$E$45),D36=$C$14,_xlfn.IFS(F36=$E$12,E36*G36*'EF-S1'!$C$40*1/'EF-S1'!$E$45,F36=$E$13,E36*G36*1/'EF-S1'!$E$45,F36=$E$14,E36*G36*'EF-S1'!$C$40*1/'EF-S1'!$E$45*1/'EF-S1'!$E$47,F36=$E$15,E36*G36*'EF-S1'!$D$40*1/'EF-S1'!$E$45),D36=$C$15,_xlfn.IFS(F36=$E$12,E36*G36*'EF-S1'!$C$41*1/'EF-S1'!$E$45,F36=$E$13,E36*G36*1/'EF-S1'!$E$45,F36=$E$14,E36*G36*'EF-S1'!$C$41*1/'EF-S1'!$E$45*1/'EF-S1'!$E$47,F36=$E$15,E36*G36*'EF-S1'!$D$41*1/'EF-S1'!$E$45))} -> #N/A | K36: {=+_xlfn.IFS(D36=$C$12,_xlfn.IFS(F36=$E$12,E36*H36*'EF-S1'!$C$38*1/'EF-S1'!$E$45,F36=$E$13,E36*H36*1/'EF-S1'!$E$45,F36=$E$14,E36*H36*'EF-S1'!$C$38*1/'EF-S1'!$E$45*1/'EF-S1'!$E$47,F36=$E$15,E36*H36*'EF-S1'!$D$38*1/'EF-S1'!$E$45),D36=$C$13,_xlfn.IFS(F36=$E$12,E36*H36*'EF-S1'!$C$39*1/'EF-S1'!$E$45,F36=$E$13,E36*H36*1/'EF-S1'!$E$45,F36=$E$14,E36*H36*'EF-S1'!$C$39*1/'EF-S1'!$E$45*1/'EF-S1'!$E$47,F36=$E$15,E36*H36*'EF-S1'!$D$39*1/'EF-S1'!$E$45),D36=$C$14,_xlfn.IFS(F36=$E$12,E36*H36*'EF-S1'!$C$40*1/'EF-S1'!$E$45,F36=$E$13,E36*H36*1/'EF-S1'!$E$45,F36=$E$14,E36*H36*'EF-S1'!$C$40*1/'EF-S1'!$E$45*1/'EF-S1'!$E$47,F36=$E$15,E36*H36*'EF-S1'!$D$40*1/'EF-S1'!$E$45),D36=$C$15,_xlfn.IFS(F36=$E$12,E36*H36*'EF-S1'!$C$41*1/'EF-S1'!$E$45,F36=$E$13,E36*H36*1/'EF-S1'!$E$45,F36=$E$14,E36*H36*'EF-S1'!$C$41*1/'EF-S1'!$E$45*1/'EF-S1'!$E$47,F36=$E$15,E36*H36*'EF-S1'!$D$41*1/'EF-S1'!$E$45))} -> #N/A | L36: {=+_xlfn.IFS(D36=$C$12,_xlfn.IFS(F36=$E$12,E36*I36*'EF-S1'!$C$38*1/'EF-S1'!$E$45,F36=$E$13,E36*I36*1/'EF-S1'!$E$45,F36=$E$14,E36*I36*'EF-S1'!$C$38*1/'EF-S1'!$E$45*1/'EF-S1'!$E$47,F36=$E$15,E36*I36*'EF-S1'!$D$38*1/'EF-S1'!$E$45),D36=$C$13,_xlfn.IFS(F36=$E$12,E36*I36*'EF-S1'!$C$39*1/'EF-S1'!$E$45,F36=$E$13,E36*I36*1/'EF-S1'!$E$45,F36=$E$14,E36*I36*'EF-S1'!$C$39*1/'EF-S1'!$E$45*1/'EF-S1'!$E$47,F36=$E$15,E36*I36*'EF-S1'!$D$39*1/'EF-S1'!$E$45),D36=$C$14,_xlfn.IFS(F36=$E$12,E36*I36*'EF-S1'!$C$40*1/'EF-S1'!$E$45,F36=$E$13,E36*I36*1/'EF-S1'!$E$45,F36=$E$14,E36*I36*'EF-S1'!$C$40*1/'EF-S1'!$E$45*1/'EF-S1'!$E$47,F36=$E$15,E36*I36*'EF-S1'!$D$40*1/'EF-S1'!$E$45),D36=$C$15,_xlfn.IFS(F36=$E$12,E36*I36*'EF-S1'!$C$41*1/'EF-S1'!$E$45,F36=$E$13,E36*I36*1/'EF-S1'!$E$45,F36=$E$14,E36*I36*'EF-S1'!$C$41*1/'EF-S1'!$E$45*1/'EF-S1'!$E$47,F36=$E$15,E36*I36*'EF-S1'!$D$41*1/'EF-S1'!$E$45))} -> #N/A | M36: =+J36/1000 -> #N/A | N36: =+K36/1000 -> #N/A | O36: =+L36/1000 -> #N/A | P36: =+IFERROR(SUM(M36:O36),0) -> 0 | X36: {=+_xlfn.IFS(W36="km",VLOOKUP(U36,'EF-S1'!$J$10:$M$16,2,),W36="l",VLOOKUP(U36,'EF-S1'!$J$26:$M$29,2,))} -> #N/A | Y36: {=+_xlfn.IFS(W36="km",VLOOKUP(U36,'EF-S1'!$J$10:$M$16,3,),W36="l",VLOOKUP(U36,'EF-S1'!$J$26:$M$29,3,))} -> #N/A | Z36: {=+_xlfn.IFS(W36="km",VLOOKUP(U36,'EF-S1'!$J$10:$M$16,4,),W36="l",VLOOKUP(U36,'EF-S1'!$J$26:$M$29,4,))} -> #N/A | AA36: =+$V36*X36 -> #N/A | AB36: =+$V36*Y36 -> #N/A | AC36: =+$V36*Z36 -> #N/A | AD36: =+AA36/1000 -> #N/A | AE36: =+AB36/1000 -> #N/A | AF36: =+AC36/1000 -> #N/A | AG36: =+IFERROR(SUM(AD36:AF36),0) -> 0 | AN36: kg | AO36: =+VLOOKUP(AL36,'EF-S1'!$U$10:$V$24,2,) -> #N/A | AP36: =+AM36*AO36 -> #N/A | AQ36: =+IFERROR(AP36/1000,0) -> 0
G37: {=+_xlfn.IFS($C$7=$D$12,VLOOKUP(D37,'EF-S1'!$B$10:$E$13,2,),$C$7=$D$13,VLOOKUP(D37,'EF-S1'!$B$17:$E$20,2,),$C$7=$D$14,VLOOKUP(D37,'EF-S1'!$B$24:$E$27,2,),$C$7=$D$15,VLOOKUP(D37,'EF-S1'!$B$31:$E$34,2,))} -> #N/A | H37: {=+_xlfn.IFS($C$7=$D$12,VLOOKUP(D37,'EF-S1'!$B$10:$E$13,3,),$C$7=$D$13,VLOOKUP(D37,'EF-S1'!$B$17:$E$20,3,),$C$7=$D$14,VLOOKUP(D37,'EF-S1'!$B$24:$E$27,3,),$C$7=$D$15,VLOOKUP(D37,'EF-S1'!$B$31:$E$34,3,))} -> #N/A | I37: {=+_xlfn.IFS($C$7=$D$12,VLOOKUP(D37,'EF-S1'!$B$10:$E$13,4,),$C$7=$D$13,VLOOKUP(D37,'EF-S1'!$B$17:$E$20,4,),$C$7=$D$14,VLOOKUP(D37,'EF-S1'!$B$24:$E$27,4,),$C$7=$D$15,VLOOKUP(D37,'EF-S1'!$B$31:$E$34,4,))} -> #N/A | J37: {=+_xlfn.IFS(D37=$C$12,_xlfn.IFS(F37=$E$12,E37*G37*'EF-S1'!$C$38*1/'EF-S1'!$E$45,F37=$E$13,E37*G37*1/'EF-S1'!$E$45,F37=$E$14,E37*G37*'EF-S1'!$C$38*1/'EF-S1'!$E$45*1/'EF-S1'!$E$47,F37=$E$15,E37*G37*'EF-S1'!$D$38*1/'EF-S1'!$E$45),D37=$C$13,_xlfn.IFS(F37=$E$12,E37*G37*'EF-S1'!$C$39*1/'EF-S1'!$E$45,F37=$E$13,E37*G37*1/'EF-S1'!$E$45,F37=$E$14,E37*G37*'EF-S1'!$C$39*1/'EF-S1'!$E$45*1/'EF-S1'!$E$47,F37=$E$15,E37*G37*'EF-S1'!$D$39*1/'EF-S1'!$E$45),D37=$C$14,_xlfn.IFS(F37=$E$12,E37*G37*'EF-S1'!$C$40*1/'EF-S1'!$E$45,F37=$E$13,E37*G37*1/'EF-S1'!$E$45,F37=$E$14,E37*G37*'EF-S1'!$C$40*1/'EF-S1'!$E$45*1/'EF-S1'!$E$47,F37=$E$15,E37*G37*'EF-S1'!$D$40*1/'EF-S1'!$E$45),D37=$C$15,_xlfn.IFS(F37=$E$12,E37*G37*'EF-S1'!$C$41*1/'EF-S1'!$E$45,F37=$E$13,E37*G37*1/'EF-S1'!$E$45,F37=$E$14,E37*G37*'EF-S1'!$C$41*1/'EF-S1'!$E$45*1/'EF-S1'!$E$47,F37=$E$15,E37*G37*'EF-S1'!$D$41*1/'EF-S1'!$E$45))} -> #N/A | K37: {=+_xlfn.IFS(D37=$C$12,_xlfn.IFS(F37=$E$12,E37*H37*'EF-S1'!$C$38*1/'EF-S1'!$E$45,F37=$E$13,E37*H37*1/'EF-S1'!$E$45,F37=$E$14,E37*H37*'EF-S1'!$C$38*1/'EF-S1'!$E$45*1/'EF-S1'!$E$47,F37=$E$15,E37*H37*'EF-S1'!$D$38*1/'EF-S1'!$E$45),D37=$C$13,_xlfn.IFS(F37=$E$12,E37*H37*'EF-S1'!$C$39*1/'EF-S1'!$E$45,F37=$E$13,E37*H37*1/'EF-S1'!$E$45,F37=$E$14,E37*H37*'EF-S1'!$C$39*1/'EF-S1'!$E$45*1/'EF-S1'!$E$47,F37=$E$15,E37*H37*'EF-S1'!$D$39*1/'EF-S1'!$E$45),D37=$C$14,_xlfn.IFS(F37=$E$12,E37*H37*'EF-S1'!$C$40*1/'EF-S1'!$E$45,F37=$E$13,E37*H37*1/'EF-S1'!$E$45,F37=$E$14,E37*H37*'EF-S1'!$C$40*1/'EF-S1'!$E$45*1/'EF-S1'!$E$47,F37=$E$15,E37*H37*'EF-S1'!$D$40*1/'EF-S1'!$E$45),D37=$C$15,_xlfn.IFS(F37=$E$12,E37*H37*'EF-S1'!$C$41*1/'EF-S1'!$E$45,F37=$E$13,E37*H37*1/'EF-S1'!$E$45,F37=$E$14,E37*H37*'EF-S1'!$C$41*1/'EF-S1'!$E$45*1/'EF-S1'!$E$47,F37=$E$15,E37*H37*'EF-S1'!$D$41*1/'EF-S1'!$E$45))} -> #N/A | L37: {=+_xlfn.IFS(D37=$C$12,_xlfn.IFS(F37=$E$12,E37*I37*'EF-S1'!$C$38*1/'EF-S1'!$E$45,F37=$E$13,E37*I37*1/'EF-S1'!$E$45,F37=$E$14,E37*I37*'EF-S1'!$C$38*1/'EF-S1'!$E$45*1/'EF-S1'!$E$47,F37=$E$15,E37*I37*'EF-S1'!$D$38*1/'EF-S1'!$E$45),D37=$C$13,_xlfn.IFS(F37=$E$12,E37*I37*'EF-S1'!$C$39*1/'EF-S1'!$E$45,F37=$E$13,E37*I37*1/'EF-S1'!$E$45,F37=$E$14,E37*I37*'EF-S1'!$C$39*1/'EF-S1'!$E$45*1/'EF-S1'!$E$47,F37=$E$15,E37*I37*'EF-S1'!$D$39*1/'EF-S1'!$E$45),D37=$C$14,_xlfn.IFS(F37=$E$12,E37*I37*'EF-S1'!$C$40*1/'EF-S1'!$E$45,F37=$E$13,E37*I37*1/'EF-S1'!$E$45,F37=$E$14,E37*I37*'EF-S1'!$C$40*1/'EF-S1'!$E$45*1/'EF-S1'!$E$47,F37=$E$15,E37*I37*'EF-S1'!$D$40*1/'EF-S1'!$E$45),D37=$C$15,_xlfn.IFS(F37=$E$12,E37*I37*'EF-S1'!$C$41*1/'EF-S1'!$E$45,F37=$E$13,E37*I37*1/'EF-S1'!$E$45,F37=$E$14,E37*I37*'EF-S1'!$C$41*1/'EF-S1'!$E$45*1/'EF-S1'!$E$47,F37=$E$15,E37*I37*'EF-S1'!$D$41*1/'EF-S1'!$E$45))} -> #N/A | M37: =+J37/1000 -> #N/A | N37: =+K37/1000 -> #N/A | O37: =+L37/1000 -> #N/A | P37: =+IFERROR(SUM(M37:O37),0) -> 0 | X37: {=+_xlfn.IFS(W37="km",VLOOKUP(U37,'EF-S1'!$J$10:$M$16,2,),W37="l",VLOOKUP(U37,'EF-S1'!$J$26:$M$29,2,))} -> #N/A | Y37: {=+_xlfn.IFS(W37="km",VLOOKUP(U37,'EF-S1'!$J$10:$M$16,3,),W37="l",VLOOKUP(U37,'EF-S1'!$J$26:$M$29,3,))} -> #N/A | Z37: {=+_xlfn.IFS(W37="km",VLOOKUP(U37,'EF-S1'!$J$10:$M$16,4,),W37="l",VLOOKUP(U37,'EF-S1'!$J$26:$M$29,4,))} -> #N/A | AA37: =+$V37*X37 -> #N/A | AB37: =+$V37*Y37 -> #N/A | AC37: =+$V37*Z37 -> #N/A | AD37: =+AA37/1000 -> #N/A | AE37: =+AB37/1000 -> #N/A | AF37: =+AC37/1000 -> #N/A | AG37: =+IFERROR(SUM(AD37:AF37),0) -> 0 | AN37: kg | AO37: =+VLOOKUP(AL37,'EF-S1'!$U$10:$V$24,2,) -> #N/A | AP37: =+AM37*AO37 -> #N/A | AQ37: =+IFERROR(AP37/1000,0) -> 0
G38: {=+_xlfn.IFS($C$7=$D$12,VLOOKUP(D38,'EF-S1'!$B$10:$E$13,2,),$C$7=$D$13,VLOOKUP(D38,'EF-S1'!$B$17:$E$20,2,),$C$7=$D$14,VLOOKUP(D38,'EF-S1'!$B$24:$E$27,2,),$C$7=$D$15,VLOOKUP(D38,'EF-S1'!$B$31:$E$34,2,))} -> #N/A | H38: {=+_xlfn.IFS($C$7=$D$12,VLOOKUP(D38,'EF-S1'!$B$10:$E$13,3,),$C$7=$D$13,VLOOKUP(D38,'EF-S1'!$B$17:$E$20,3,),$C$7=$D$14,VLOOKUP(D38,'EF-S1'!$B$24:$E$27,3,),$C$7=$D$15,VLOOKUP(D38,'EF-S1'!$B$31:$E$34,3,))} -> #N/A | I38: {=+_xlfn.IFS($C$7=$D$12,VLOOKUP(D38,'EF-S1'!$B$10:$E$13,4,),$C$7=$D$13,VLOOKUP(D38,'EF-S1'!$B$17:$E$20,4,),$C$7=$D$14,VLOOKUP(D38,'EF-S1'!$B$24:$E$27,4,),$C$7=$D$15,VLOOKUP(D38,'EF-S1'!$B$31:$E$34,4,))} -> #N/A | J38: {=+_xlfn.IFS(D38=$C$12,_xlfn.IFS(F38=$E$12,E38*G38*'EF-S1'!$C$38*1/'EF-S1'!$E$45,F38=$E$13,E38*G38*1/'EF-S1'!$E$45,F38=$E$14,E38*G38*'EF-S1'!$C$38*1/'EF-S1'!$E$45*1/'EF-S1'!$E$47,F38=$E$15,E38*G38*'EF-S1'!$D$38*1/'EF-S1'!$E$45),D38=$C$13,_xlfn.IFS(F38=$E$12,E38*G38*'EF-S1'!$C$39*1/'EF-S1'!$E$45,F38=$E$13,E38*G38*1/'EF-S1'!$E$45,F38=$E$14,E38*G38*'EF-S1'!$C$39*1/'EF-S1'!$E$45*1/'EF-S1'!$E$47,F38=$E$15,E38*G38*'EF-S1'!$D$39*1/'EF-S1'!$E$45),D38=$C$14,_xlfn.IFS(F38=$E$12,E38*G38*'EF-S1'!$C$40*1/'EF-S1'!$E$45,F38=$E$13,E38*G38*1/'EF-S1'!$E$45,F38=$E$14,E38*G38*'EF-S1'!$C$40*1/'EF-S1'!$E$45*1/'EF-S1'!$E$47,F38=$E$15,E38*G38*'EF-S1'!$D$40*1/'EF-S1'!$E$45),D38=$C$15,_xlfn.IFS(F38=$E$12,E38*G38*'EF-S1'!$C$41*1/'EF-S1'!$E$45,F38=$E$13,E38*G38*1/'EF-S1'!$E$45,F38=$E$14,E38*G38*'EF-S1'!$C$41*1/'EF-S1'!$E$45*1/'EF-S1'!$E$47,F38=$E$15,E38*G38*'EF-S1'!$D$41*1/'EF-S1'!$E$45))} -> #N/A | K38: {=+_xlfn.IFS(D38=$C$12,_xlfn.IFS(F38=$E$12,E38*H38*'EF-S1'!$C$38*1/'EF-S1'!$E$45,F38=$E$13,E38*H38*1/'EF-S1'!$E$45,F38=$E$14,E38*H38*'EF-S1'!$C$38*1/'EF-S1'!$E$45*1/'EF-S1'!$E$47,F38=$E$15,E38*H38*'EF-S1'!$D$38*1/'EF-S1'!$E$45),D38=$C$13,_xlfn.IFS(F38=$E$12,E38*H38*'EF-S1'!$C$39*1/'EF-S1'!$E$45,F38=$E$13,E38*H38*1/'EF-S1'!$E$45,F38=$E$14,E38*H38*'EF-S1'!$C$39*1/'EF-S1'!$E$45*1/'EF-S1'!$E$47,F38=$E$15,E38*H38*'EF-S1'!$D$39*1/'EF-S1'!$E$45),D38=$C$14,_xlfn.IFS(F38=$E$12,E38*H38*'EF-S1'!$C$40*1/'EF-S1'!$E$45,F38=$E$13,E38*H38*1/'EF-S1'!$E$45,F38=$E$14,E38*H38*'EF-S1'!$C$40*1/'EF-S1'!$E$45*1/'EF-S1'!$E$47,F38=$E$15,E38*H38*'EF-S1'!$D$40*1/'EF-S1'!$E$45),D38=$C$15,_xlfn.IFS(F38=$E$12,E38*H38*'EF-S1'!$C$41*1/'EF-S1'!$E$45,F38=$E$13,E38*H38*1/'EF-S1'!$E$45,F38=$E$14,E38*H38*'EF-S1'!$C$41*1/'EF-S1'!$E$45*1/'EF-S1'!$E$47,F38=$E$15,E38*H38*'EF-S1'!$D$41*1/'EF-S1'!$E$45))} -> #N/A | L38: {=+_xlfn.IFS(D38=$C$12,_xlfn.IFS(F38=$E$12,E38*I38*'EF-S1'!$C$38*1/'EF-S1'!$E$45,F38=$E$13,E38*I38*1/'EF-S1'!$E$45,F38=$E$14,E38*I38*'EF-S1'!$C$38*1/'EF-S1'!$E$45*1/'EF-S1'!$E$47,F38=$E$15,E38*I38*'EF-S1'!$D$38*1/'EF-S1'!$E$45),D38=$C$13,_xlfn.IFS(F38=$E$12,E38*I38*'EF-S1'!$C$39*1/'EF-S1'!$E$45,F38=$E$13,E38*I38*1/'EF-S1'!$E$45,F38=$E$14,E38*I38*'EF-S1'!$C$39*1/'EF-S1'!$E$45*1/'EF-S1'!$E$47,F38=$E$15,E38*I38*'EF-S1'!$D$39*1/'EF-S1'!$E$45),D38=$C$14,_xlfn.IFS(F38=$E$12,E38*I38*'EF-S1'!$C$40*1/'EF-S1'!$E$45,F38=$E$13,E38*I38*1/'EF-S1'!$E$45,F38=$E$14,E38*I38*'EF-S1'!$C$40*1/'EF-S1'!$E$45*1/'EF-S1'!$E$47,F38=$E$15,E38*I38*'EF-S1'!$D$40*1/'EF-S1'!$E$45),D38=$C$15,_xlfn.IFS(F38=$E$12,E38*I38*'EF-S1'!$C$41*1/'EF-S1'!$E$45,F38=$E$13,E38*I38*1/'EF-S1'!$E$45,F38=$E$14,E38*I38*'EF-S1'!$C$41*1/'EF-S1'!$E$45*1/'EF-S1'!$E$47,F38=$E$15,E38*I38*'EF-S1'!$D$41*1/'EF-S1'!$E$45))} -> #N/A | M38: =+J38/1000 -> #N/A | N38: =+K38/1000 -> #N/A | O38: =+L38/1000 -> #N/A | P38: =+IFERROR(SUM(M38:O38),0) -> 0 | X38: {=+_xlfn.IFS(W38="km",VLOOKUP(U38,'EF-S1'!$J$10:$M$16,2,),W38="l",VLOOKUP(U38,'EF-S1'!$J$26:$M$29,2,))} -> #N/A | Y38: {=+_xlfn.IFS(W38="km",VLOOKUP(U38,'EF-S1'!$J$10:$M$16,3,),W38="l",VLOOKUP(U38,'EF-S1'!$J$26:$M$29,3,))} -> #N/A | Z38: {=+_xlfn.IFS(W38="km",VLOOKUP(U38,'EF-S1'!$J$10:$M$16,4,),W38="l",VLOOKUP(U38,'EF-S1'!$J$26:$M$29,4,))} -> #N/A | AA38: =+$V38*X38 -> #N/A | AB38: =+$V38*Y38 -> #N/A | AC38: =+$V38*Z38 -> #N/A | AD38: =+AA38/1000 -> #N/A | AE38: =+AB38/1000 -> #N/A | AF38: =+AC38/1000 -> #N/A | AG38: =+IFERROR(SUM(AD38:AF38),0) -> 0 | AN38: kg | AO38: =+VLOOKUP(AL38,'EF-S1'!$U$10:$V$24,2,) -> #N/A | AP38: =+AM38*AO38 -> #N/A | AQ38: =+IFERROR(AP38/1000,0) -> 0
G39: {=+_xlfn.IFS($C$7=$D$12,VLOOKUP(D39,'EF-S1'!$B$10:$E$13,2,),$C$7=$D$13,VLOOKUP(D39,'EF-S1'!$B$17:$E$20,2,),$C$7=$D$14,VLOOKUP(D39,'EF-S1'!$B$24:$E$27,2,),$C$7=$D$15,VLOOKUP(D39,'EF-S1'!$B$31:$E$34,2,))} -> #N/A | H39: {=+_xlfn.IFS($C$7=$D$12,VLOOKUP(D39,'EF-S1'!$B$10:$E$13,3,),$C$7=$D$13,VLOOKUP(D39,'EF-S1'!$B$17:$E$20,3,),$C$7=$D$14,VLOOKUP(D39,'EF-S1'!$B$24:$E$27,3,),$C$7=$D$15,VLOOKUP(D39,'EF-S1'!$B$31:$E$34,3,))} -> #N/A | I39: {=+_xlfn.IFS($C$7=$D$12,VLOOKUP(D39,'EF-S1'!$B$10:$E$13,4,),$C$7=$D$13,VLOOKUP(D39,'EF-S1'!$B$17:$E$20,4,),$C$7=$D$14,VLOOKUP(D39,'EF-S1'!$B$24:$E$27,4,),$C$7=$D$15,VLOOKUP(D39,'EF-S1'!$B$31:$E$34,4,))} -> #N/A | J39: {=+_xlfn.IFS(D39=$C$12,_xlfn.IFS(F39=$E$12,E39*G39*'EF-S1'!$C$38*1/'EF-S1'!$E$45,F39=$E$13,E39*G39*1/'EF-S1'!$E$45,F39=$E$14,E39*G39*'EF-S1'!$C$38*1/'EF-S1'!$E$45*1/'EF-S1'!$E$47,F39=$E$15,E39*G39*'EF-S1'!$D$38*1/'EF-S1'!$E$45),D39=$C$13,_xlfn.IFS(F39=$E$12,E39*G39*'EF-S1'!$C$39*1/'EF-S1'!$E$45,F39=$E$13,E39*G39*1/'EF-S1'!$E$45,F39=$E$14,E39*G39*'EF-S1'!$C$39*1/'EF-S1'!$E$45*1/'EF-S1'!$E$47,F39=$E$15,E39*G39*'EF-S1'!$D$39*1/'EF-S1'!$E$45),D39=$C$14,_xlfn.IFS(F39=$E$12,E39*G39*'EF-S1'!$C$40*1/'EF-S1'!$E$45,F39=$E$13,E39*G39*1/'EF-S1'!$E$45,F39=$E$14,E39*G39*'EF-S1'!$C$40*1/'EF-S1'!$E$45*1/'EF-S1'!$E$47,F39=$E$15,E39*G39*'EF-S1'!$D$40*1/'EF-S1'!$E$45),D39=$C$15,_xlfn.IFS(F39=$E$12,E39*G39*'EF-S1'!$C$41*1/'EF-S1'!$E$45,F39=$E$13,E39*G39*1/'EF-S1'!$E$45,F39=$E$14,E39*G39*'EF-S1'!$C$41*1/'EF-S1'!$E$45*1/'EF-S1'!$E$47,F39=$E$15,E39*G39*'EF-S1'!$D$41*1/'EF-S1'!$E$45))} -> #N/A | K39: {=+_xlfn.IFS(D39=$C$12,_xlfn.IFS(F39=$E$12,E39*H39*'EF-S1'!$C$38*1/'EF-S1'!$E$45,F39=$E$13,E39*H39*1/'EF-S1'!$E$45,F39=$E$14,E39*H39*'EF-S1'!$C$38*1/'EF-S1'!$E$45*1/'EF-S1'!$E$47,F39=$E$15,E39*H39*'EF-S1'!$D$38*1/'EF-S1'!$E$45),D39=$C$13,_xlfn.IFS(F39=$E$12,E39*H39*'EF-S1'!$C$39*1/'EF-S1'!$E$45,F39=$E$13,E39*H39*1/'EF-S1'!$E$45,F39=$E$14,E39*H39*'EF-S1'!$C$39*1/'EF-S1'!$E$45*1/'EF-S1'!$E$47,F39=$E$15,E39*H39*'EF-S1'!$D$39*1/'EF-S1'!$E$45),D39=$C$14,_xlfn.IFS(F39=$E$12,E39*H39*'EF-S1'!$C$40*1/'EF-S1'!$E$45,F39=$E$13,E39*H39*1/'EF-S1'!$E$45,F39=$E$14,E39*H39*'EF-S1'!$C$40*1/'EF-S1'!$E$45*1/'EF-S1'!$E$47,F39=$E$15,E39*H39*'EF-S1'!$D$40*1/'EF-S1'!$E$45),D39=$C$15,_xlfn.IFS(F39=$E$12,E39*H39*'EF-S1'!$C$41*1/'EF-S1'!$E$45,F39=$E$13,E39*H39*1/'EF-S1'!$E$45,F39=$E$14,E39*H39*'EF-S1'!$C$41*1/'EF-S1'!$E$45*1/'EF-S1'!$E$47,F39=$E$15,E39*H39*'EF-S1'!$D$41*1/'EF-S1'!$E$45))} -> #N/A | L39: {=+_xlfn.IFS(D39=$C$12,_xlfn.IFS(F39=$E$12,E39*I39*'EF-S1'!$C$38*1/'EF-S1'!$E$45,F39=$E$13,E39*I39*1/'EF-S1'!$E$45,F39=$E$14,E39*I39*'EF-S1'!$C$38*1/'EF-S1'!$E$45*1/'EF-S1'!$E$47,F39=$E$15,E39*I39*'EF-S1'!$D$38*1/'EF-S1'!$E$45),D39=$C$13,_xlfn.IFS(F39=$E$12,E39*I39*'EF-S1'!$C$39*1/'EF-S1'!$E$45,F39=$E$13,E39*I39*1/'EF-S1'!$E$45,F39=$E$14,E39*I39*'EF-S1'!$C$39*1/'EF-S1'!$E$45*1/'EF-S1'!$E$47,F39=$E$15,E39*I39*'EF-S1'!$D$39*1/'EF-S1'!$E$45),D39=$C$14,_xlfn.IFS(F39=$E$12,E39*I39*'EF-S1'!$C$40*1/'EF-S1'!$E$45,F39=$E$13,E39*I39*1/'EF-S1'!$E$45,F39=$E$14,E39*I39*'EF-S1'!$C$40*1/'EF-S1'!$E$45*1/'EF-S1'!$E$47,F39=$E$15,E39*I39*'EF-S1'!$D$40*1/'EF-S1'!$E$45),D39=$C$15,_xlfn.IFS(F39=$E$12,E39*I39*'EF-S1'!$C$41*1/'EF-S1'!$E$45,F39=$E$13,E39*I39*1/'EF-S1'!$E$45,F39=$E$14,E39*I39*'EF-S1'!$C$41*1/'EF-S1'!$E$45*1/'EF-S1'!$E$47,F39=$E$15,E39*I39*'EF-S1'!$D$41*1/'EF-S1'!$E$45))} -> #N/A | M39: =+J39/1000 -> #N/A | N39: =+K39/1000 -> #N/A | O39: =+L39/1000 -> #N/A | P39: =+IFERROR(SUM(M39:O39),0) -> 0 | X39: {=+_xlfn.IFS(W39="km",VLOOKUP(U39,'EF-S1'!$J$10:$M$16,2,),W39="l",VLOOKUP(U39,'EF-S1'!$J$26:$M$29,2,))} -> #N/A | Y39: {=+_xlfn.IFS(W39="km",VLOOKUP(U39,'EF-S1'!$J$10:$M$16,3,),W39="l",VLOOKUP(U39,'EF-S1'!$J$26:$M$29,3,))} -> #N/A | Z39: {=+_xlfn.IFS(W39="km",VLOOKUP(U39,'EF-S1'!$J$10:$M$16,4,),W39="l",VLOOKUP(U39,'EF-S1'!$J$26:$M$29,4,))} -> #N/A | AA39: =+$V39*X39 -> #N/A | AB39: =+$V39*Y39 -> #N/A | AC39: =+$V39*Z39 -> #N/A | AD39: =+AA39/1000 -> #N/A | AE39: =+AB39/1000 -> #N/A | AF39: =+AC39/1000 -> #N/A | AG39: =+IFERROR(SUM(AD39:AF39),0) -> 0 | AN39: kg | AO39: =+VLOOKUP(AL39,'EF-S1'!$U$10:$V$24,2,) -> #N/A | AP39: =+AM39*AO39 -> #N/A | AQ39: =+IFERROR(AP39/1000,0) -> 0
G40: {=+_xlfn.IFS($C$7=$D$12,VLOOKUP(D40,'EF-S1'!$B$10:$E$13,2,),$C$7=$D$13,VLOOKUP(D40,'EF-S1'!$B$17:$E$20,2,),$C$7=$D$14,VLOOKUP(D40,'EF-S1'!$B$24:$E$27,2,),$C$7=$D$15,VLOOKUP(D40,'EF-S1'!$B$31:$E$34,2,))} -> #N/A | H40: {=+_xlfn.IFS($C$7=$D$12,VLOOKUP(D40,'EF-S1'!$B$10:$E$13,3,),$C$7=$D$13,VLOOKUP(D40,'EF-S1'!$B$17:$E$20,3,),$C$7=$D$14,VLOOKUP(D40,'EF-S1'!$B$24:$E$27,3,),$C$7=$D$15,VLOOKUP(D40,'EF-S1'!$B$31:$E$34,3,))} -> #N/A | I40: {=+_xlfn.IFS($C$7=$D$12,VLOOKUP(D40,'EF-S1'!$B$10:$E$13,4,),$C$7=$D$13,VLOOKUP(D40,'EF-S1'!$B$17:$E$20,4,),$C$7=$D$14,VLOOKUP(D40,'EF-S1'!$B$24:$E$27,4,),$C$7=$D$15,VLOOKUP(D40,'EF-S1'!$B$31:$E$34,4,))} -> #N/A | J40: {=+_xlfn.IFS(D40=$C$12,_xlfn.IFS(F40=$E$12,E40*G40*'EF-S1'!$C$38*1/'EF-S1'!$E$45,F40=$E$13,E40*G40*1/'EF-S1'!$E$45,F40=$E$14,E40*G40*'EF-S1'!$C$38*1/'EF-S1'!$E$45*1/'EF-S1'!$E$47,F40=$E$15,E40*G40*'EF-S1'!$D$38*1/'EF-S1'!$E$45),D40=$C$13,_xlfn.IFS(F40=$E$12,E40*G40*'EF-S1'!$C$39*1/'EF-S1'!$E$45,F40=$E$13,E40*G40*1/'EF-S1'!$E$45,F40=$E$14,E40*G40*'EF-S1'!$C$39*1/'EF-S1'!$E$45*1/'EF-S1'!$E$47,F40=$E$15,E40*G40*'EF-S1'!$D$39*1/'EF-S1'!$E$45),D40=$C$14,_xlfn.IFS(F40=$E$12,E40*G40*'EF-S1'!$C$40*1/'EF-S1'!$E$45,F40=$E$13,E40*G40*1/'EF-S1'!$E$45,F40=$E$14,E40*G40*'EF-S1'!$C$40*1/'EF-S1'!$E$45*1/'EF-S1'!$E$47,F40=$E$15,E40*G40*'EF-S1'!$D$40*1/'EF-S1'!$E$45),D40=$C$15,_xlfn.IFS(F40=$E$12,E40*G40*'EF-S1'!$C$41*1/'EF-S1'!$E$45,F40=$E$13,E40*G40*1/'EF-S1'!$E$45,F40=$E$14,E40*G40*'EF-S1'!$C$41*1/'EF-S1'!$E$45*1/'EF-S1'!$E$47,F40=$E$15,E40*G40*'EF-S1'!$D$41*1/'EF-S1'!$E$45))} -> #N/A | K40: {=+_xlfn.IFS(D40=$C$12,_xlfn.IFS(F40=$E$12,E40*H40*'EF-S1'!$C$38*1/'EF-S1'!$E$45,F40=$E$13,E40*H40*1/'EF-S1'!$E$45,F40=$E$14,E40*H40*'EF-S1'!$C$38*1/'EF-S1'!$E$45*1/'EF-S1'!$E$47,F40=$E$15,E40*H40*'EF-S1'!$D$38*1/'EF-S1'!$E$45),D40=$C$13,_xlfn.IFS(F40=$E$12,E40*H40*'EF-S1'!$C$39*1/'EF-S1'!$E$45,F40=$E$13,E40*H40*1/'EF-S1'!$E$45,F40=$E$14,E40*H40*'EF-S1'!$C$39*1/'EF-S1'!$E$45*1/'EF-S1'!$E$47,F40=$E$15,E40*H40*'EF-S1'!$D$39*1/'EF-S1'!$E$45),D40=$C$14,_xlfn.IFS(F40=$E$12,E40*H40*'EF-S1'!$C$40*1/'EF-S1'!$E$45,F40=$E$13,E40*H40*1/'EF-S1'!$E$45,F40=$E$14,E40*H40*'EF-S1'!$C$40*1/'EF-S1'!$E$45*1/'EF-S1'!$E$47,F40=$E$15,E40*H40*'EF-S1'!$D$40*1/'EF-S1'!$E$45),D40=$C$15,_xlfn.IFS(F40=$E$12,E40*H40*'EF-S1'!$C$41*1/'EF-S1'!$E$45,F40=$E$13,E40*H40*1/'EF-S1'!$E$45,F40=$E$14,E40*H40*'EF-S1'!$C$41*1/'EF-S1'!$E$45*1/'EF-S1'!$E$47,F40=$E$15,E40*H40*'EF-S1'!$D$41*1/'EF-S1'!$E$45))} -> #N/A | L40: {=+_xlfn.IFS(D40=$C$12,_xlfn.IFS(F40=$E$12,E40*I40*'EF-S1'!$C$38*1/'EF-S1'!$E$45,F40=$E$13,E40*I40*1/'EF-S1'!$E$45,F40=$E$14,E40*I40*'EF-S1'!$C$38*1/'EF-S1'!$E$45*1/'EF-S1'!$E$47,F40=$E$15,E40*I40*'EF-S1'!$D$38*1/'EF-S1'!$E$45),D40=$C$13,_xlfn.IFS(F40=$E$12,E40*I40*'EF-S1'!$C$39*1/'EF-S1'!$E$45,F40=$E$13,E40*I40*1/'EF-S1'!$E$45,F40=$E$14,E40*I40*'EF-S1'!$C$39*1/'EF-S1'!$E$45*1/'EF-S1'!$E$47,F40=$E$15,E40*I40*'EF-S1'!$D$39*1/'EF-S1'!$E$45),D40=$C$14,_xlfn.IFS(F40=$E$12,E40*I40*'EF-S1'!$C$40*1/'EF-S1'!$E$45,F40=$E$13,E40*I40*1/'EF-S1'!$E$45,F40=$E$14,E40*I40*'EF-S1'!$C$40*1/'EF-S1'!$E$45*1/'EF-S1'!$E$47,F40=$E$15,E40*I40*'EF-S1'!$D$40*1/'EF-S1'!$E$45),D40=$C$15,_xlfn.IFS(F40=$E$12,E40*I40*'EF-S1'!$C$41*1/'EF-S1'!$E$45,F40=$E$13,E40*I40*1/'EF-S1'!$E$45,F40=$E$14,E40*I40*'EF-S1'!$C$41*1/'EF-S1'!$E$45*1/'EF-S1'!$E$47,F40=$E$15,E40*I40*'EF-S1'!$D$41*1/'EF-S1'!$E$45))} -> #N/A | M40: =+J40/1000 -> #N/A | N40: =+K40/1000 -> #N/A | O40: =+L40/1000 -> #N/A | P40: =+IFERROR(SUM(M40:O40),0) -> 0 | X40: {=+_xlfn.IFS(W40="km",VLOOKUP(U40,'EF-S1'!$J$10:$M$16,2,),W40="l",VLOOKUP(U40,'EF-S1'!$J$26:$M$29,2,))} -> #N/A | Y40: {=+_xlfn.IFS(W40="km",VLOOKUP(U40,'EF-S1'!$J$10:$M$16,3,),W40="l",VLOOKUP(U40,'EF-S1'!$J$26:$M$29,3,))} -> #N/A | Z40: {=+_xlfn.IFS(W40="km",VLOOKUP(U40,'EF-S1'!$J$10:$M$16,4,),W40="l",VLOOKUP(U40,'EF-S1'!$J$26:$M$29,4,))} -> #N/A | AA40: =+$V40*X40 -> #N/A | AB40: =+$V40*Y40 -> #N/A | AC40: =+$V40*Z40 -> #N/A | AD40: =+AA40/1000 -> #N/A | AE40: =+AB40/1000 -> #N/A | AF40: =+AC40/1000 -> #N/A | AG40: =+IFERROR(SUM(AD40:AF40),0) -> 0 | AN40: kg | AO40: =+VLOOKUP(AL40,'EF-S1'!$U$10:$V$24,2,) -> #N/A | AP40: =+AM40*AO40 -> #N/A | AQ40: =+IFERROR(AP40/1000,0) -> 0
... G104: {=+_xlfn.IFS($C$7=$D$12,VLOOKUP(D104,'EF-S1'!$B$10:$E$13,2,),$C$7=$D$13,VLOOKUP(D104,'EF-S1'!$B$17:$E$20,2,),$C$7=$D$14,VLOOKUP(D104,'EF-S1'!$B$24:$E$27,2,),$C$7=$D$15,VLOOKUP(D104,'EF-S1'!$B$31:$E$34,2,))} -> #N/A | H104: {=+_xlfn.IFS($C$7=$D$12,VLOOKUP(D104,'EF-S1'!$B$10:$E$13,3,),$C$7=$D$13,VLOOKUP(D104,'EF-S1'!$B$17:$E$20,3,),$C$7=$D$14,VLOOKUP(D104,'EF-S1'!$B$24:$E$27,3,),$C$7=$D$15,VLOOKUP(D104,'EF-S1'!$B$31:$E$34,3,))} -> #N/A | I104: {=+_xlfn.IFS($C$7=$D$12,VLOOKUP(D104,'EF-S1'!$B$10:$E$13,4,),$C$7=$D$13,VLOOKUP(D104,'EF-S1'!$B$17:$E$20,4,),$C$7=$D$14,VLOOKUP(D104,'EF-S1'!$B$24:$E$27,4,),$C$7=$D$15,VLOOKUP(D104,'EF-S1'!$B$31:$E$34,4,))} -> #N/A | J104: {=+_xlfn.IFS(D104=$C$12,_xlfn.IFS(F104=$E$12,E104*G104*'EF-S1'!$C$38*1/'EF-S1'!$E$45,F104=$E$13,E104*G104*1/'EF-S1'!$E$45,F104=$E$14,E104*G104*'EF-S1'!$C$38*1/'EF-S1'!$E$45*1/'EF-S1'!$E$47,F104=$E$15,E104*G104*'EF-S1'!$D$38*1/'EF-S1'!$E$45),D104=$C$13,_xlfn.IFS(F104=$E$12,E104*G104*'EF-S1'!$C$39*1/'EF-S1'!$E$45,F104=$E$13,E104*G104*1/'EF-S1'!$E$45,F104=$E$14,E104*G104*'EF-S1'!$C$39*1/'EF-S1'!$E$45*1/'EF-S1'!$E$47,F104=$E$15,E104*G104*'EF-S1'!$D$39*1/'EF-S1'!$E$45),D104=$C$14,_xlfn.IFS(F104=$E$12,E104*G104*'EF-S1'!$C$40*1/'EF-S1'!$E$45,F104=$E$13,E104*G104*1/'EF-S1'!$E$45,F104=$E$14,E104*G104*'EF-S1'!$C$40*1/'EF-S1'!$E$45*1/'EF-S1'!$E$47,F104=$E$15,E104*G104*'EF-S1'!$D$40*1/'EF-S1'!$E$45),D104=$C$15,_xlfn.IFS(F104=$E$12,E104*G104*'EF-S1'!$C$41*1/'EF-S1'!$E$45,F104=$E$13,E104*G104*1/'EF-S1'!$E$45,F104=$E$14,E104*G104*'EF-S1'!$C$41*1/'EF-S1'!$E$45*1/'EF-S1'!$E$47,F104=$E$15,E104*G104*'EF-S1'!$D$41*1/'EF-S1'!$E$45))} -> #N/A | K104: {=+_xlfn.IFS(D104=$C$12,_xlfn.IFS(F104=$E$12,E104*H104*'EF-S1'!$C$38*1/'EF-S1'!$E$45,F104=$E$13,E104*H104*1/'EF-S1'!$E$45,F104=$E$14,E104*H104*'EF-S1'!$C$38*1/'EF-S1'!$E$45*1/'EF-S1'!$E$47,F104=$E$15,E104*H104*'EF-S1'!$D$38*1/'EF-S1'!$E$45),D104=$C$13,_xlfn.IFS(F104=$E$12,E104*H104*'EF-S1'!$C$39*1/'EF-S1'!$E$45,F104=$E$13,E104*H104*1/'EF-S1'!$E$45,F104=$E$14,E104*H104*'EF-S1'!$C$39*1/'EF-S1'!$E$45*1/'EF-S1'!$E$47,F104=$E$15,E104*H104*'EF-S1'!$D$39*1/'EF-S1'!$E$45),D104=$C$14,_xlfn.IFS(F104=$E$12,E104*H104*'EF-S1'!$C$40*1/'EF-S1'!$E$45,F104=$E$13,E104*H104*1/'EF-S1'!$E$45,F104=$E$14,E104*H104*'EF-S1'!$C$40*1/'EF-S1'!$E$45*1/'EF-S1'!$E$47,F104=$E$15,E104*H104*'EF-S1'!$D$40*1/'EF-S1'!$E$45),D104=$C$15,_xlfn.IFS(F104=$E$12,E104*H104*'EF-S1'!$C$41*1/'EF-S1'!$E$45,F104=$E$13,E104*H104*1/'EF-S1'!$E$45,F104=$E$14,E104*H104*'EF-S1'!$C$41*1/'EF-S1'!$E$45*1/'EF-S1'!$E$47,F104=$E$15,E104*H104*'EF-S1'!$D$41*1/'EF-S1'!$E$45))} -> #N/A | L104: {=+_xlfn.IFS(D104=$C$12,_xlfn.IFS(F104=$E$12,E104*I104*'EF-S1'!$C$38*1/'EF-S1'!$E$45,F104=$E$13,E104*I104*1/'EF-S1'!$E$45,F104=$E$14,E104*I104*'EF-S1'!$C$38*1/'EF-S1'!$E$45*1/'EF-S1'!$E$47,F104=$E$15,E104*I104*'EF-S1'!$D$38*1/'EF-S1'!$E$45),D104=$C$13,_xlfn.IFS(F104=$E$12,E104*I104*'EF-S1'!$C$39*1/'EF-S1'!$E$45,F104=$E$13,E104*I104*1/'EF-S1'!$E$45,F104=$E$14,E104*I104*'EF-S1'!$C$39*1/'EF-S1'!$E$45*1/'EF-S1'!$E$47,F104=$E$15,E104*I104*'EF-S1'!$D$39*1/'EF-S1'!$E$45),D104=$C$14,_xlfn.IFS(F104=$E$12,E104*I104*'EF-S1'!$C$40*1/'EF-S1'!$E$45,F104=$E$13,E104*I104*1/'EF-S1'!$E$45,F104=$E$14,E104*I104*'EF-S1'!$C$40*1/'EF-S1'!$E$45*1/'EF-S1'!$E$47,F104=$E$15,E104*I104*'EF-S1'!$D$40*1/'EF-S1'!$E$45),D104=$C$15,_xlfn.IFS(F104=$E$12,E104*I104*'EF-S1'!$C$41*1/'EF-S1'!$E$45,F104=$E$13,E104*I104*1/'EF-S1'!$E$45,F104=$E$14,E104*I104*'EF-S1'!$C$41*1/'EF-S1'!$E$45*1/'EF-S1'!$E$47,F104=$E$15,E104*I104*'EF-S1'!$D$41*1/'EF-S1'!$E$45))} -> #N/A | M104: =+J104/1000 -> #N/A | N104: =+K104/1000 -> #N/A | O104: =+L104/1000 -> #N/A | P104: =+IFERROR(SUM(M104:O104),0) -> 0 | X104: {=+_xlfn.IFS(W104="km",VLOOKUP(U104,'EF-S1'!$J$10:$M$16,2,),W104="l",VLOOKUP(U104,'EF-S1'!$J$26:$M$29,2,))} -> #N/A | Y104: {=+_xlfn.IFS(W104="km",VLOOKUP(U104,'EF-S1'!$J$10:$M$16,3,),W104="l",VLOOKUP(U104,'EF-S1'!$J$26:$M$29,3,))} -> #N/A | Z104: {=+_xlfn.IFS(W104="km",VLOOKUP(U104,'EF-S1'!$J$10:$M$16,4,),W104="l",VLOOKUP(U104,'EF-S1'!$J$26:$M$29,4,))} -> #N/A | AA104: =+$V104*X104 -> #N/A | AB104: =+$V104*Y104 -> #N/A | AC104: =+$V104*Z104 -> #N/A | AD104: =+AA104/1000 -> #N/A | AE104: =+AB104/1000 -> #N/A | AF104: =+AC104/1000 -> #N/A | AG104: =+IFERROR(SUM(AD104:AF104),0) -> 0 | AN104: kg | AO104: =+VLOOKUP(AL104,'EF-S1'!$U$10:$V$24,2,) -> #N/A | AP104: =+AM104*AO104 -> #N/A | AQ104: =+IFERROR(AP104/1000,0) -> 0

Sheet Scope 2
A5: Emission source-stream: eletricity consumption | S5: Emission source-stream: heat consumption
B7: Activity data | G7: EF | J7: GHG Emissions | P7: Type | Q7: Electric unit | S7: Activity data | V7: EF | Y7: GHG Emissions
B8: Activity description | C8: Type of electricity | D8: Country | E8: Annual consumption | F8: Unit | G8: g CO2/kWh | H8: CH4 gCO2e/kWh | I8: N2O gCO2e/kWh | J8: tCO2 | K8: tCO2e (CH4) | L8: tCO2e (N2O) | M8: Total tCO2e | P8: National grid | Q8: kWh | S8: Activity description | T8: Annual consumption | U8: Unit | V8: kg CO2e of CO2/kWh | W8: kg CO2e of CH4/kWh | X8: kg CO2e of N2O/kWh | Y8: t CO2 | Z8: tCO2e (CH4) | AA8: tCO2e (N2O) | AB8: Total tCO2e
B9: Research with computers | C9: National grid | D9: Spain | E9: 11785.71 | F9: kWh | G9: {=+_xlfn.IFS($C9="Renewable",0,$C9="National grid",VLOOKUP($D9,'EF-S2'!$B$11:$C$169,2,))} -> 198.3 | H9: {=+_xlfn.IFS($C9="Renewable",0,$C9="National grid",VLOOKUP($D9,'EF-S2'!$E$11:$F$169,2,))} -> 0.3 | I9: {=+_xlfn.IFS($C9="Renewable",0,$C9="National grid",VLOOKUP($D9,'EF-S2'!$H$11:$I$169,2,))} -> 0.6 | J9: {=+_xlfn.IFS($F$9="kWh",$E9*G9/1000000,$F$9="MWh",$E9*G9/1000)} -> 2.3371063 | K9: {=+_xlfn.IFS($F$9="kWh",$E9*H9/1000000,$F$9="MWh",$E9*H9/1000)} -> 0.003535713 | L9: {=+_xlfn.IFS($F$9="kWh",$E9*I9/1000000,$F$9="MWh",$E9*I9/1000)} -> 0.007071426 | M9: =+IFERROR(SUM(J9:L9),0) -> 2.3477134 | P9: Renewable | Q9: MWh | V9: =+'EF-S2'!L10 -> 0.16906 | W9: =+'EF-S2'!L11 -> 0.00109 | X9: =+'EF-S2'!L12 -> 0.00058 | Y9: {=+_xlfn.IFS($U$9="kWh",$T9*V9/1000,$U$9="MWh",$T9*V9)} -> #N/A | Z9: {=+_xlfn.IFS($U$9="kWh",$T9*W9/1000,$U$9="MWh",$T9*W9)} -> #N/A | AA9: {=+_xlfn.IFS($U$9="kWh",$T9*X9/1000,$U$9="MWh",$T9*X9)} -> #N/A | AB9: =+IFERROR(SUM(Y9:AA9),0) -> 0
G10: {=+_xlfn.IFS($C10="Renewable",0,$C10="National grid",VLOOKUP($D10,'EF-S2'!$B$11:$C$169,2,))} -> #N/A | H10: {=+_xlfn.IFS($C10="Renewable",0,$C10="National grid",VLOOKUP($D10,'EF-S2'!$E$11:$F$169,2,))} -> #N/A | I10: {=+_xlfn.IFS($C10="Renewable",0,$C10="National grid",VLOOKUP($D10,'EF-S2'!$H$11:$I$169,2,))} -> #N/A | J10: {=+_xlfn.IFS($F$9="kWh",$E10*G10/1000000,$F$9="MWh",$E10*G10/1000)} -> #N/A | K10: {=+_xlfn.IFS($F$9="kWh",$E10*H10/1000000,$F$9="MWh",$E10*H10/1000)} -> #N/A | L10: {=+_xlfn.IFS($F$9="kWh",$E10*I10/1000000,$F$9="MWh",$E10*I10/1000)} -> #N/A | M10: =+IFERROR(SUM(J10:L10),0) -> 0 | V10: =+'EF-S2'!L11 -> 0.00109 | W10: =+'EF-S2'!L12 -> 0.00058 | X10: =+'EF-S2'!L13 -> 0 | Y10: {=+_xlfn.IFS($U$9="kWh",$T10*V10/1000,$U$9="MWh",$T10*V10)} -> #N/A | Z10: {=+_xlfn.IFS($U$9="kWh",$T10*W10/1000,$U$9="MWh",$T10*W10)} -> #N/A | AA10: {=+_xlfn.IFS($U$9="kWh",$T10*X10/1000,$U$9="MWh",$T10*X10)} -> #N/A | AB10: =+IFERROR(SUM(Y10:AA10),0) -> 0
G11: {=+_xlfn.IFS($C11="Renewable",0,$C11="National grid",VLOOKUP($D11,'EF-S2'!$B$11:$C$169,2,))} -> #N/A | H11: {=+_xlfn.IFS($C11="Renewable",0,$C11="National grid",VLOOKUP($D11,'EF-S2'!$E$11:$F$169,2,))} -> #N/A | I11: {=+_xlfn.IFS($C11="Renewable",0,$C11="National grid",VLOOKUP($D11,'EF-S2'!$H$11:$I$169,2,))} -> #N/A | J11: {=+_xlfn.IFS($F$9="kWh",$E11*G11/1000000,$F$9="MWh",$E11*G11/1000)} -> #N/A | K11: {=+_xlfn.IFS($F$9="kWh",$E11*H11/1000000,$F$9="MWh",$E11*H11/1000)} -> #N/A | L11: {=+_xlfn.IFS($F$9="kWh",$E11*I11/1000000,$F$9="MWh",$E11*I11/1000)} -> #N/A | M11: =+IFERROR(SUM(J11:L11),0) -> 0 | V11: =+'EF-S2'!L12 -> 0.00058 | W11: =+'EF-S2'!L13 -> 0 | X11: =+'EF-S2'!L14 -> 0 | Y11: {=+_xlfn.IFS($U$9="kWh",$T11*V11/1000,$U$9="MWh",$T11*V11)} -> #N/A | Z11: {=+_xlfn.IFS($U$9="kWh",$T11*W11/1000,$U$9="MWh",$T11*W11)} -> #N/A | AA11: {=+_xlfn.IFS($U$9="kWh",$T11*X11/1000,$U$9="MWh",$T11*X11)} -> #N/A | AB11: =+IFERROR(SUM(Y11:AA11),0) -> 0
G12: {=+_xlfn.IFS($C12="Renewable",0,$C12="National grid",VLOOKUP($D12,'EF-S2'!$B$11:$C$169,2,))} -> #N/A | H12: {=+_xlfn.IFS($C12="Renewable",0,$C12="National grid",VLOOKUP($D12,'EF-S2'!$E$11:$F$169,2,))} -> #N/A | I12: {=+_xlfn.IFS($C12="Renewable",0,$C12="National grid",VLOOKUP($D12,'EF-S2'!$H$11:$I$169,2,))} -> #N/A | J12: {=+_xlfn.IFS($F$9="kWh",$E12*G12/1000000,$F$9="MWh",$E12*G12/1000)} -> #N/A | K12: {=+_xlfn.IFS($F$9="kWh",$E12*H12/1000000,$F$9="MWh",$E12*H12/1000)} -> #N/A | L12: {=+_xlfn.IFS($F$9="kWh",$E12*I12/1000000,$F$9="MWh",$E12*I12/1000)} -> #N/A | M12: =+IFERROR(SUM(J12:L12),0) -> 0 | V12: =+'EF-S2'!L13 -> 0 | W12: =+'EF-S2'!L14 -> 0 | X12: =+'EF-S2'!L15 -> 0 | Y12: {=+_xlfn.IFS($U$9="kWh",$T12*V12/1000,$U$9="MWh",$T12*V12)} -> #N/A | Z12: {=+_xlfn.IFS($U$9="kWh",$T12*W12/1000,$U$9="MWh",$T12*W12)} -> #N/A | AA12: {=+_xlfn.IFS($U$9="kWh",$T12*X12/1000,$U$9="MWh",$T12*X12)} -> #N/A | AB12: =+IFERROR(SUM(Y12:AA12),0) -> 0
G13: {=+_xlfn.IFS($C13="Renewable",0,$C13="National grid",VLOOKUP($D13,'EF-S2'!$B$11:$C$169,2,))} -> #N/A | H13: {=+_xlfn.IFS($C13="Renewable",0,$C13="National grid",VLOOKUP($D13,'EF-S2'!$E$11:$F$169,2,))} -> #N/A | I13: {=+_xlfn.IFS($C13="Renewable",0,$C13="National grid",VLOOKUP($D13,'EF-S2'!$H$11:$I$169,2,))} -> #N/A | J13: {=+_xlfn.IFS($F$9="kWh",$E13*G13/1000000,$F$9="MWh",$E13*G13/1000)} -> #N/A | K13: {=+_xlfn.IFS($F$9="kWh",$E13*H13/1000000,$F$9="MWh",$E13*H13/1000)} -> #N/A | L13: {=+_xlfn.IFS($F$9="kWh",$E13*I13/1000000,$F$9="MWh",$E13*I13/1000)} -> #N/A | M13: =+IFERROR(SUM(J13:L13),0) -> 0 | V13: =+'EF-S2'!L14 -> 0 | W13: =+'EF-S2'!L15 -> 0 | X13: =+'EF-S2'!L16 -> 0 | Y13: {=+_xlfn.IFS($U$9="kWh",$T13*V13/1000,$U$9="MWh",$T13*V13)} -> #N/A | Z13: {=+_xlfn.IFS($U$9="kWh",$T13*W13/1000,$U$9="MWh",$T13*W13)} -> #N/A | AA13: {=+_xlfn.IFS($U$9="kWh",$T13*X13/1000,$U$9="MWh",$T13*X13)} -> #N/A | AB13: =+IFERROR(SUM(Y13:AA13),0) -> 0
G14: {=+_xlfn.IFS($C14="Renewable",0,$C14="National grid",VLOOKUP($D14,'EF-S2'!$B$11:$C$169,2,))} -> #N/A | H14: {=+_xlfn.IFS($C14="Renewable",0,$C14="National grid",VLOOKUP($D14,'EF-S2'!$E$11:$F$169,2,))} -> #N/A | I14: {=+_xlfn.IFS($C14="Renewable",0,$C14="National grid",VLOOKUP($D14,'EF-S2'!$H$11:$I$169,2,))} -> #N/A | J14: {=+_xlfn.IFS($F$9="kWh",$E14*G14/1000000,$F$9="MWh",$E14*G14/1000)} -> #N/A | K14: {=+_xlfn.IFS($F$9="kWh",$E14*H14/1000000,$F$9="MWh",$E14*H14/1000)} -> #N/A | L14: {=+_xlfn.IFS($F$9="kWh",$E14*I14/1000000,$F$9="MWh",$E14*I14/1000)} -> #N/A | M14: =+IFERROR(SUM(J14:L14),0) -> 0 | V14: =+'EF-S2'!L15 -> 0 | W14: =+'EF-S2'!L16 -> 0 | X14: =+'EF-S2'!L17 -> 0 | Y14: {=+_xlfn.IFS($U$9="kWh",$T14*V14/1000,$U$9="MWh",$T14*V14)} -> #N/A | Z14: {=+_xlfn.IFS($U$9="kWh",$T14*W14/1000,$U$9="MWh",$T14*W14)} -> #N/A | AA14: {=+_xlfn.IFS($U$9="kWh",$T14*X14/1000,$U$9="MWh",$T14*X14)} -> #N/A | AB14: =+IFERROR(SUM(Y14:AA14),0) -> 0
G15: {=+_xlfn.IFS($C15="Renewable",0,$C15="National grid",VLOOKUP($D15,'EF-S2'!$B$11:$C$169,2,))} -> #N/A | H15: {=+_xlfn.IFS($C15="Renewable",0,$C15="National grid",VLOOKUP($D15,'EF-S2'!$E$11:$F$169,2,))} -> #N/A | I15: {=+_xlfn.IFS($C15="Renewable",0,$C15="National grid",VLOOKUP($D15,'EF-S2'!$H$11:$I$169,2,))} -> #N/A | J15: {=+_xlfn.IFS($F$9="kWh",$E15*G15/1000000,$F$9="MWh",$E15*G15/1000)} -> #N/A | K15: {=+_xlfn.IFS($F$9="kWh",$E15*H15/1000000,$F$9="MWh",$E15*H15/1000)} -> #N/A | L15: {=+_xlfn.IFS($F$9="kWh",$E15*I15/1000000,$F$9="MWh",$E15*I15/1000)} -> #N/A | M15: =+IFERROR(SUM(J15:L15),0) -> 0 | V15: =+'EF-S2'!L16 -> 0 | W15: =+'EF-S2'!L17 -> 0 | X15: =+'EF-S2'!L18 -> 0 | Y15: {=+_xlfn.IFS($U$9="kWh",$T15*V15/1000,$U$9="MWh",$T15*V15)} -> #N/A | Z15: {=+_xlfn.IFS($U$9="kWh",$T15*W15/1000,$U$9="MWh",$T15*W15)} -> #N/A | AA15: {=+_xlfn.IFS($U$9="kWh",$T15*X15/1000,$U$9="MWh",$T15*X15)} -> #N/A | AB15: =+IFERROR(SUM(Y15:AA15),0) -> 0
G16: {=+_xlfn.IFS($C16="Renewable",0,$C16="National grid",VLOOKUP($D16,'EF-S2'!$B$11:$C$169,2,))} -> #N/A | H16: {=+_xlfn.IFS($C16="Renewable",0,$C16="National grid",VLOOKUP($D16,'EF-S2'!$E$11:$F$169,2,))} -> #N/A | I16: {=+_xlfn.IFS($C16="Renewable",0,$C16="National grid",VLOOKUP($D16,'EF-S2'!$H$11:$I$169,2,))} -> #N/A | J16: {=+_xlfn.IFS($F$9="kWh",$E16*G16/1000000,$F$9="MWh",$E16*G16/1000)} -> #N/A | K16: {=+_xlfn.IFS($F$9="kWh",$E16*H16/1000000,$F$9="MWh",$E16*H16/1000)} -> #N/A | L16: {=+_xlfn.IFS($F$9="kWh",$E16*I16/1000000,$F$9="MWh",$E16*I16/1000)} -> #N/A | M16: =+IFERROR(SUM(J16:L16),0) -> 0 | V16: =+'EF-S2'!L17 -> 0 | W16: =+'EF-S2'!L18 -> 0 | X16: =+'EF-S2'!L19 -> 0 | Y16: {=+_xlfn.IFS($U$9="kWh",$T16*V16/1000,$U$9="MWh",$T16*V16)} -> #N/A | Z16: {=+_xlfn.IFS($U$9="kWh",$T16*W16/1000,$U$9="MWh",$T16*W16)} -> #N/A | AA16: {=+_xlfn.IFS($U$9="kWh",$T16*X16/1000,$U$9="MWh",$T16*X16)} -> #N/A | AB16: =+IFERROR(SUM(Y16:AA16),0) -> 0
G17: {=+_xlfn.IFS($C17="Renewable",0,$C17="National grid",VLOOKUP($D17,'EF-S2'!$B$11:$C$169,2,))} -> #N/A | H17: {=+_xlfn.IFS($C17="Renewable",0,$C17="National grid",VLOOKUP($D17,'EF-S2'!$E$11:$F$169,2,))} -> #N/A | I17: {=+_xlfn.IFS($C17="Renewable",0,$C17="National grid",VLOOKUP($D17,'EF-S2'!$H$11:$I$169,2,))} -> #N/A | J17: {=+_xlfn.IFS($F$9="kWh",$E17*G17/1000000,$F$9="MWh",$E17*G17/1000)} -> #N/A | K17: {=+_xlfn.IFS($F$9="kWh",$E17*H17/1000000,$F$9="MWh",$E17*H17/1000)} -> #N/A | L17: {=+_xlfn.IFS($F$9="kWh",$E17*I17/1000000,$F$9="MWh",$E17*I17/1000)} -> #N/A | M17: =+IFERROR(SUM(J17:L17),0) -> 0 | V17: =+'EF-S2'!L18 -> 0 | W17: =+'EF-S2'!L19 -> 0 | X17: =+'EF-S2'!L20 -> 0 | Y17: {=+_xlfn.IFS($U$9="kWh",$T17*V17/1000,$U$9="MWh",$T17*V17)} -> #N/A | Z17: {=+_xlfn.IFS($U$9="kWh",$T17*W17/1000,$U$9="MWh",$T17*W17)} -> #N/A | AA17: {=+_xlfn.IFS($U$9="kWh",$T17*X17/1000,$U$9="MWh",$T17*X17)} -> #N/A | AB17: =+IFERROR(SUM(Y17:AA17),0) -> 0
G18: {=+_xlfn.IFS($C18="Renewable",0,$C18="National grid",VLOOKUP($D18,'EF-S2'!$B$11:$C$169,2,))} -> #N/A | H18: {=+_xlfn.IFS($C18="Renewable",0,$C18="National grid",VLOOKUP($D18,'EF-S2'!$E$11:$F$169,2,))} -> #N/A | I18: {=+_xlfn.IFS($C18="Renewable",0,$C18="National grid",VLOOKUP($D18,'EF-S2'!$H$11:$I$169,2,))} -> #N/A | J18: {=+_xlfn.IFS($F$9="kWh",$E18*G18/1000000,$F$9="MWh",$E18*G18/1000)} -> #N/A | K18: {=+_xlfn.IFS($F$9="kWh",$E18*H18/1000000,$F$9="MWh",$E18*H18/1000)} -> #N/A | L18: {=+_xlfn.IFS($F$9="kWh",$E18*I18/1000000,$F$9="MWh",$E18*I18/1000)} -> #N/A | M18: =+IFERROR(SUM(J18:L18),0) -> 0 | V18: =+'EF-S2'!L19 -> 0 | W18: =+'EF-S2'!L20 -> 0 | X18: =+'EF-S2'!L21 -> 0 | Y18: {=+_xlfn.IFS($U$9="kWh",$T18*V18/1000,$U$9="MWh",$T18*V18)} -> #N/A | Z18: {=+_xlfn.IFS($U$9="kWh",$T18*W18/1000,$U$9="MWh",$T18*W18)} -> #N/A | AA18: {=+_xlfn.IFS($U$9="kWh",$T18*X18/1000,$U$9="MWh",$T18*X18)} -> #N/A | AB18: =+IFERROR(SUM(Y18:AA18),0) -> 0
G19: {=+_xlfn.IFS($C19="Renewable",0,$C19="National grid",VLOOKUP($D19,'EF-S2'!$B$11:$C$169,2,))} -> #N/A | H19: {=+_xlfn.IFS($C19="Renewable",0,$C19="National grid",VLOOKUP($D19,'EF-S2'!$E$11:$F$169,2,))} -> #N/A | I19: {=+_xlfn.IFS($C19="Renewable",0,$C19="National grid",VLOOKUP($D19,'EF-S2'!$H$11:$I$169,2,))} -> #N/A | J19: {=+_xlfn.IFS($F$9="kWh",$E19*G19/1000000,$F$9="MWh",$E19*G19/1000)} -> #N/A | K19: {=+_xlfn.IFS($F$9="kWh",$E19*H19/1000000,$F$9="MWh",$E19*H19/1000)} -> #N/A | L19: {=+_xlfn.IFS($F$9="kWh",$E19*I19/1000000,$F$9="MWh",$E19*I19/1000)} -> #N/A | M19: =+IFERROR(SUM(J19:L19),0) -> 0 | V19: =+'EF-S2'!L20 -> 0 | W19: =+'EF-S2'!L21 -> 0 | X19: =+'EF-S2'!L22 -> 0 | Y19: {=+_xlfn.IFS($U$9="kWh",$T19*V19/1000,$U$9="MWh",$T19*V19)} -> #N/A | Z19: {=+_xlfn.IFS($U$9="kWh",$T19*W19/1000,$U$9="MWh",$T19*W19)} -> #N/A | AA19: {=+_xlfn.IFS($U$9="kWh",$T19*X19/1000,$U$9="MWh",$T19*X19)} -> #N/A | AB19: =+IFERROR(SUM(Y19:AA19),0) -> 0
G20: {=+_xlfn.IFS($C20="Renewable",0,$C20="National grid",VLOOKUP($D20,'EF-S2'!$B$11:$C$169,2,))} -> #N/A | H20: {=+_xlfn.IFS($C20="Renewable",0,$C20="National grid",VLOOKUP($D20,'EF-S2'!$E$11:$F$169,2,))} -> #N/A | I20: {=+_xlfn.IFS($C20="Renewable",0,$C20="National grid",VLOOKUP($D20,'EF-S2'!$H$11:$I$169,2,))} -> #N/A | J20: {=+_xlfn.IFS($F$9="kWh",$E20*G20/1000000,$F$9="MWh",$E20*G20/1000)} -> #N/A | K20: {=+_xlfn.IFS($F$9="kWh",$E20*H20/1000000,$F$9="MWh",$E20*H20/1000)} -> #N/A | L20: {=+_xlfn.IFS($F$9="kWh",$E20*I20/1000000,$F$9="MWh",$E20*I20/1000)} -> #N/A | M20: =+IFERROR(SUM(J20:L20),0) -> 0 | V20: =+'EF-S2'!L21 -> 0 | W20: =+'EF-S2'!L22 -> 0 | X20: =+'EF-S2'!L23 -> 0 | Y20: {=+_xlfn.IFS($U$9="kWh",$T20*V20/1000,$U$9="MWh",$T20*V20)} -> #N/A | Z20: {=+_xlfn.IFS($U$9="kWh",$T20*W20/1000,$U$9="MWh",$T20*W20)} -> #N/A | AA20: {=+_xlfn.IFS($U$9="kWh",$T20*X20/1000,$U$9="MWh",$T20*X20)} -> #N/A | AB20: =+IFERROR(SUM(Y20:AA20),0) -> 0
G21: {=+_xlfn.IFS($C21="Renewable",0,$C21="National grid",VLOOKUP($D21,'EF-S2'!$B$11:$C$169,2,))} -> #N/A | H21: {=+_xlfn.IFS($C21="Renewable",0,$C21="National grid",VLOOKUP($D21,'EF-S2'!$E$11:$F$169,2,))} -> #N/A | I21: {=+_xlfn.IFS($C21="Renewable",0,$C21="National grid",VLOOKUP($D21,'EF-S2'!$H$11:$I$169,2,))} -> #N/A | J21: {=+_xlfn.IFS($F$9="kWh",$E21*G21/1000000,$F$9="MWh",$E21*G21/1000)} -> #N/A | K21: {=+_xlfn.IFS($F$9="kWh",$E21*H21/1000000,$F$9="MWh",$E21*H21/1000)} -> #N/A | L21: {=+_xlfn.IFS($F$9="kWh",$E21*I21/1000000,$F$9="MWh",$E21*I21/1000)} -> #N/A | M21: =+IFERROR(SUM(J21:L21),0) -> 0 | V21: =+'EF-S2'!L22 -> 0 | W21: =+'EF-S2'!L23 -> 0 | X21: =+'EF-S2'!L24 -> 0 | Y21: {=+_xlfn.IFS($U$9="kWh",$T21*V21/1000,$U$9="MWh",$T21*V21)} -> #N/A | Z21: {=+_xlfn.IFS($U$9="kWh",$T21*W21/1000,$U$9="MWh",$T21*W21)} -> #N/A | AA21: {=+_xlfn.IFS($U$9="kWh",$T21*X21/1000,$U$9="MWh",$T21*X21)} -> #N/A | AB21: =+IFERROR(SUM(Y21:AA21),0) -> 0
... G103: {=+_xlfn.IFS($C103="Renewable",0,$C103="National grid",VLOOKUP($D103,'EF-S2'!$B$11:$C$169,2,))} -> #N/A | H103: {=+_xlfn.IFS($C103="Renewable",0,$C103="National grid",VLOOKUP($D103,'EF-S2'!$E$11:$F$169,2,))} -> #N/A | I103: {=+_xlfn.IFS($C103="Renewable",0,$C103="National grid",VLOOKUP($D103,'EF-S2'!$H$11:$I$169,2,))} -> #N/A | J103: {=+_xlfn.IFS($F$9="kWh",$E103*G103/1000000,$F$9="MWh",$E103*G103/1000)} -> #N/A | K103: {=+_xlfn.IFS($F$9="kWh",$E103*H103/1000000,$F$9="MWh",$E103*H103/1000)} -> #N/A | L103: {=+_xlfn.IFS($F$9="kWh",$E103*I103/1000000,$F$9="MWh",$E103*I103/1000)} -> #N/A | M103: =+IFERROR(SUM(J103:L103),0) -> 0 | V103: =+'EF-S2'!L104 -> 0 | W103: =+'EF-S2'!L105 -> 0 | X103: =+'EF-S2'!L106 -> 0 | Y103: {=+_xlfn.IFS($U$9="kWh",$T103*V103/1000,$U$9="MWh",$T103*V103)} -> #N/A | Z103: {=+_xlfn.IFS($U$9="kWh",$T103*W103/1000,$U$9="MWh",$T103*W103)} -> #N/A | AA103: {=+_xlfn.IFS($U$9="kWh",$T103*X103/1000,$U$9="MWh",$T103*X103)} -> #N/A | AB103: =+IFERROR(SUM(Y103:AA103),0) -> 0

Sheet Scope 3-Water consumption
A4: Emission source-stream: water consumption | H4: Sources
H5: City network
B6: Activity data | E6: EF | F6: GHG Emissions | H6: Well
B7: Source | C7: Annual consumption | D7: Unit | E7: kg CO2e/m3 | F7: Total tCO2e | H7: Surface water catchment
B8: City network | C8: 600 | D8: m3 | E8: =+VLOOKUP(B8,'EF-S3'!$B$10:$C$13,2,) -> 0.149 | F8: =+IFERROR(C8*E8/1000,0) -> 0.0894 | H8: Water treatment (wastewater from another organization)
D9: m3 | E9: =+VLOOKUP(B9,'EF-S3'!$B$10:$C$13,2,) -> #N/A | F9: =+IFERROR(C9*E9/1000,0) -> 0
D10: m3 | E10: =+VLOOKUP(B10,'EF-S3'!$B$10:$C$13,2,) -> #N/A | F10: =+IFERROR(C10*E10/1000,0) -> 0
D11: m3 | E11: =+VLOOKUP(B11,'EF-S3'!$B$10:$C$13,2,) -> #N/A | F11: =+IFERROR(C11*E11/1000,0) -> 0
D12: m3 | E12: =+VLOOKUP(B12,'EF-S3'!$B$10:$C$13,2,) -> #N/A | F12: =+IFERROR(C12*E12/1000,0) -> 0
D13: m3 | E13: =+VLOOKUP(B13,'EF-S3'!$B$10:$C$13,2,) -> #N/A | F13: =+IFERROR(C13*E13/1000,0) -> 0
D14: m3 | E14: =+VLOOKUP(B14,'EF-S3'!$B$10:$C$13,2,) -> #N/A | F14: =+IFERROR(C14*E14/1000,0) -> 0
D15: m3 | E15: =+VLOOKUP(B15,'EF-S3'!$B$10:$C$13,2,) -> #N/A | F15: =+IFERROR(C15*E15/1000,0) -> 0
D16: m3 | E16: =+VLOOKUP(B16,'EF-S3'!$B$10:$C$13,2,) -> #N/A | F16: =+IFERROR(C16*E16/1000,0) -> 0
D17: m3 | E17: =+VLOOKUP(B17,'EF-S3'!$B$10:$C$13,2,) -> #N/A | F17: =+IFERROR(C17*E17/1000,0) -> 0
D18: m3 | E18: =+VLOOKUP(B18,'EF-S3'!$B$10:$C$13,2,) -> #N/A | F18: =+IFERROR(C18*E18/1000,0) -> 0
D19: m3 | E19: =+VLOOKUP(B19,'EF-S3'!$B$10:$C$13,2,) -> #N/A | F19: =+IFERROR(C19*E19/1000,0) -> 0
D20: m3 | E20: =+VLOOKUP(B20,'EF-S3'!$B$10:$C$13,2,) -> #N/A | F20: =+IFERROR(C20*E20/1000,0) -> 0
... D102: m3 | E102: =+VLOOKUP(B102,'EF-S3'!$B$10:$C$13,2,) -> #N/A | F102: =+IFERROR(C102*E102/1000,0) -> 0

Sheet Scope 3-Raw materials
A4: Emission source-stream: consumption of raw materials | I4: Unit
I5: kg
I6: t
B8: Activity data | E8: EF | G8: GHG Emissions
B9: Type | C9: Annual consumption | D9: Unit | E9: Value | F9: Unit | G9: Total tCO2e
B10: Batteries - Alkaline | C10: 1 | D10: kg | E10: =+VLOOKUP(B10,Tabla16[[Type]:[Unit]],2,) -> 4633.4783 | F10: =+VLOOKUP(B10,Tabla16[[Type]:[Unit]],3,) -> kgCO2e/t | G10: {=+IFERROR(_xlfn.IFS(F10="kgCO2e/t",IF(D10="kg",C10*E10/1000000,C10*E10/1000),F10="kgCO2e/kg",IF(D10="kg",C10*E10/1000,C10*E10)),0)} -> 0.0046334783
E11: =+VLOOKUP(B11,Tabla16[[Type]:[Unit]],2,) -> #N/A | F11: =+VLOOKUP(B11,Tabla16[[Type]:[Unit]],3,) -> #N/A | G11: {=+IFERROR(_xlfn.IFS(F11="kgCO2e/t",IF(D11="kg",C11*E11/1000000,C11*E11/1000),F11="kgCO2e/kg",IF(D11="kg",C11*E11/1000,C11*E11)),0)} -> 0
E12: =+VLOOKUP(B12,Tabla16[[Type]:[Unit]],2,) -> #N/A | F12: =+VLOOKUP(B12,Tabla16[[Type]:[Unit]],3,) -> #N/A | G12: {=+IFERROR(_xlfn.IFS(F12="kgCO2e/t",IF(D12="kg",C12*E12/1000000,C12*E12/1000),F12="kgCO2e/kg",IF(D12="kg",C12*E12/1000,C12*E12)),0)} -> 0
E13: =+VLOOKUP(B13,Tabla16[[Type]:[Unit]],2,) -> #N/A | F13: =+VLOOKUP(B13,Tabla16[[Type]:[Unit]],3,) -> #N/A | G13: {=+IFERROR(_xlfn.IFS(F13="kgCO2e/t",IF(D13="kg",C13*E13/1000000,C13*E13/1000),F13="kgCO2e/kg",IF(D13="kg",C13*E13/1000,C13*E13)),0)} -> 0
E14: =+VLOOKUP(B14,Tabla16[[Type]:[Unit]],2,) -> #N/A | F14: =+VLOOKUP(B14,Tabla16[[Type]:[Unit]],3,) -> #N/A | G14: {=+IFERROR(_xlfn.IFS(F14="kgCO2e/t",IF(D14="kg",C14*E14/1000000,C14*E14/1000),F14="kgCO2e/kg",IF(D14="kg",C14*E14/1000,C14*E14)),0)} -> 0
E15: =+VLOOKUP(B15,Tabla16[[Type]:[Unit]],2,) -> #N/A | F15: =+VLOOKUP(B15,Tabla16[[Type]:[Unit]],3,) -> #N/A | G15: {=+IFERROR(_xlfn.IFS(F15="kgCO2e/t",IF(D15="kg",C15*E15/1000000,C15*E15/1000),F15="kgCO2e/kg",IF(D15="kg",C15*E15/1000,C15*E15)),0)} -> 0
E16: =+VLOOKUP(B16,Tabla16[[Type]:[Unit]],2,) -> #N/A | F16: =+VLOOKUP(B16,Tabla16[[Type]:[Unit]],3,) -> #N/A | G16: {=+IFERROR(_xlfn.IFS(F16="kgCO2e/t",IF(D16="kg",C16*E16/1000000,C16*E16/1000),F16="kgCO2e/kg",IF(D16="kg",C16*E16/1000,C16*E16)),0)} -> 0
E17: =+VLOOKUP(B17,Tabla16[[Type]:[Unit]],2,) -> #N/A | F17: =+VLOOKUP(B17,Tabla16[[Type]:[Unit]],3,) -> #N/A | G17: {=+IFERROR(_xlfn.IFS(F17="kgCO2e/t",IF(D17="kg",C17*E17/1000000,C17*E17/1000),F17="kgCO2e/kg",IF(D17="kg",C17*E17/1000,C17*E17)),0)} -> 0
E18: =+VLOOKUP(B18,Tabla16[[Type]:[Unit]],2,) -> #N/A | F18: =+VLOOKUP(B18,Tabla16[[Type]:[Unit]],3,) -> #N/A | G18: {=+IFERROR(_xlfn.IFS(F18="kgCO2e/t",IF(D18="kg",C18*E18/1000000,C18*E18/1000),F18="kgCO2e/kg",IF(D18="kg",C18*E18/1000,C18*E18)),0)} -> 0
E19: =+VLOOKUP(B19,Tabla16[[Type]:[Unit]],2,) -> #N/A | F19: =+VLOOKUP(B19,Tabla16[[Type]:[Unit]],3,) -> #N/A | G19: {=+IFERROR(_xlfn.IFS(F19="kgCO2e/t",IF(D19="kg",C19*E19/1000000,C19*E19/1000),F19="kgCO2e/kg",IF(D19="kg",C19*E19/1000,C19*E19)),0)} -> 0
E20: =+VLOOKUP(B20,Tabla16[[Type]:[Unit]],2,) -> #N/A | F20: =+VLOOKUP(B20,Tabla16[[Type]:[Unit]],3,) -> #N/A | G20: {=+IFERROR(_xlfn.IFS(F20="kgCO2e/t",IF(D20="kg",C20*E20/1000000,C20*E20/1000),F20="kgCO2e/kg",IF(D20="kg",C20*E20/1000,C20*E20)),0)} -> 0
E21: =+VLOOKUP(B21,Tabla16[[Type]:[Unit]],2,) -> #N/A | F21: =+VLOOKUP(B21,Tabla16[[Type]:[Unit]],3,) -> #N/A | G21: {=+IFERROR(_xlfn.IFS(F21="kgCO2e/t",IF(D21="kg",C21*E21/1000000,C21*E21/1000),F21="kgCO2e/kg",IF(D21="kg",C21*E21/1000,C21*E21)),0)} -> 0
E22: =+VLOOKUP(B22,Tabla16[[Type]:[Unit]],2,) -> #N/A | F22: =+VLOOKUP(B22,Tabla16[[Type]:[Unit]],3,) -> #N/A | G22: {=+IFERROR(_xlfn.IFS(F22="kgCO2e/t",IF(D22="kg",C22*E22/1000000,C22*E22/1000),F22="kgCO2e/kg",IF(D22="kg",C22*E22/1000,C22*E22)),0)} -> 0
... E102: =+VLOOKUP(B102,Tabla16[[Type]:[Unit]],2,) -> #N/A | F102: =+VLOOKUP(B102,Tabla16[[Type]:[Unit]],3,) -> #N/A | G102: {=+IFERROR(_xlfn.IFS(F102="kgCO2e/t",IF(D102="kg",C102*E102/1000000,C102*E102/1000),F102="kgCO2e/kg",IF(D102="kg",C102*E102/1000,C102*E102)),0)} -> 0

Sheet Scope 3-Upstream transp.
A5: Emission source-stream: upstream transportation (Transportation and distribution of products purchased by the reporting company)
B7: Activity data | K7: EF | M7: GHG Emissions | O7: Mean of transport
B8: Type of raw material | C8: Annual purchase | D8: Unit | E8: Destination of the purchased materials - latitude (Decimal degrees format) | F8: Destination of the purchased materials - longitude (Decimal degrees format) | G8: Location of the supplier (origin) - latitude (Decimal degrees format) | H8: Location of the supplier (origin) - longitude (Decimal degrees format) | I8: Estimated distance (km) | J8: Mean of transport | K8: Value | L8: Unit | M8: Total tCO2e | O8: All Artics
I9: =1.25*(6371*ACOS(COS(RADIANS(90-E9))*COS(RADIANS(90-G9))+SIN(RADIANS(90-E9))*SIN(RADIANS(90-G9))*COS(RADIANS(F9-H9)))) -> 0 | K9: =+VLOOKUP(J9,'EF-S3'!$K$10:$L$17,2,) -> #N/A | L9: =+VLOOKUP(J9,'EF-S3'!$K$10:$M$17,3,) -> #N/A | M9: =+IFERROR(IF(D9="kg",C9*I9*K9,C9*I9*K9/1000),0) -> 0 | O9: All HGVs
I10: =1.25*(6371*ACOS(COS(RADIANS(90-E10))*COS(RADIANS(90-G10))+SIN(RADIANS(90-E10))*SIN(RADIANS(90-G10))*COS(RADIANS(F10-H10)))) -> 0 | K10: =+VLOOKUP(J10,'EF-S3'!$K$10:$L$17,2,) -> #N/A | L10: =+VLOOKUP(J10,'EF-S3'!$K$10:$M$17,3,) -> #N/A | M10: =+IFERROR(IF(D10="kg",C10*I10*K10,C10*I10*K10/1000),0) -> 0 | O10: Rigid (>17 tonnes)
I11: =1.25*(6371*ACOS(COS(RADIANS(90-E11))*COS(RADIANS(90-G11))+SIN(RADIANS(90-E11))*SIN(RADIANS(90-G11))*COS(RADIANS(F11-H11)))) -> 0 | K11: =+VLOOKUP(J11,'EF-S3'!$K$10:$L$17,2,) -> #N/A | L11: =+VLOOKUP(J11,'EF-S3'!$K$10:$M$17,3,) -> #N/A | M11: =+IFERROR(IF(D11="kg",C11*I11*K11,C11*I11*K11/1000),0) -> 0 | O11: Air
I12: =1.25*(6371*ACOS(COS(RADIANS(90-E12))*COS(RADIANS(90-G12))+SIN(RADIANS(90-E12))*SIN(RADIANS(90-G12))*COS(RADIANS(F12-H12)))) -> 0 | K12: =+VLOOKUP(J12,'EF-S3'!$K$10:$L$17,2,) -> #N/A | L12: =+VLOOKUP(J12,'EF-S3'!$K$10:$M$17,3,) -> #N/A | M12: =+IFERROR(IF(D12="kg",C12*I12*K12,C12*I12*K12/1000),0) -> 0 | O12: Freight train
I13: =1.25*(6371*ACOS(COS(RADIANS(90-E13))*COS(RADIANS(90-G13))+SIN(RADIANS(90-E13))*SIN(RADIANS(90-G13))*COS(RADIANS(F13-H13)))) -> 0 | K13: =+VLOOKUP(J13,'EF-S3'!$K$10:$L$17,2,) -> #N/A | L13: =+VLOOKUP(J13,'EF-S3'!$K$10:$M$17,3,) -> #N/A | M13: =+IFERROR(IF(D13="kg",C13*I13*K13,C13*I13*K13/1000),0) -> 0 | O13: Vehicle transport
I14: =1.25*(6371*ACOS(COS(RADIANS(90-E14))*COS(RADIANS(90-G14))+SIN(RADIANS(90-E14))*SIN(RADIANS(90-G14))*COS(RADIANS(F14-H14)))) -> 0 | K14: =+VLOOKUP(J14,'EF-S3'!$K$10:$L$17,2,) -> #N/A | L14: =+VLOOKUP(J14,'EF-S3'!$K$10:$M$17,3,) -> #N/A | M14: =+IFERROR(IF(D14="kg",C14*I14*K14,C14*I14*K14/1000),0) -> 0 | O14: General Cargo
I15: =1.25*(6371*ACOS(COS(RADIANS(90-E15))*COS(RADIANS(90-G15))+SIN(RADIANS(90-E15))*SIN(RADIANS(90-G15))*COS(RADIANS(F15-H15)))) -> 0 | K15: =+VLOOKUP(J15,'EF-S3'!$K$10:$L$17,2,) -> #N/A | L15: =+VLOOKUP(J15,'EF-S3'!$K$10:$M$17,3,) -> #N/A | M15: =+IFERROR(IF(D15="kg",C15*I15*K15,C15*I15*K15/1000),0) -> 0 | O15: RORO Ferry
I16: =1.25*(6371*ACOS(COS(RADIANS(90-E16))*COS(RADIANS(90-G16))+SIN(RADIANS(90-E16))*SIN(RADIANS(90-G16))*COS(RADIANS(F16-H16)))) -> 0 | K16: =+VLOOKUP(J16,'EF-S3'!$K$10:$L$17,2,) -> #N/A | L16: =+VLOOKUP(J16,'EF-S3'!$K$10:$M$17,3,) -> #N/A | M16: =+IFERROR(IF(D16="kg",C16*I16*K16,C16*I16*K16/1000),0) -> 0
I17: =1.25*(6371*ACOS(COS(RADIANS(90-E17))*COS(RADIANS(90-G17))+SIN(RADIANS(90-E17))*SIN(RADIANS(90-G17))*COS(RADIANS(F17-H17)))) -> 0 | K17: =+VLOOKUP(J17,'EF-S3'!$K$10:$L$17,2,) -> #N/A | L17: =+VLOOKUP(J17,'EF-S3'!$K$10:$M$17,3,) -> #N/A | M17: =+IFERROR(IF(D17="kg",C17*I17*K17,C17*I17*K17/1000),0) -> 0
I18: =1.25*(6371*ACOS(COS(RADIANS(90-E18))*COS(RADIANS(90-G18))+SIN(RADIANS(90-E18))*SIN(RADIANS(90-G18))*COS(RADIANS(F18-H18)))) -> 0 | K18: =+VLOOKUP(J18,'EF-S3'!$K$10:$L$17,2,) -> #N/A | L18: =+VLOOKUP(J18,'EF-S3'!$K$10:$M$17,3,) -> #N/A | M18: =+IFERROR(IF(D18="kg",C18*I18*K18,C18*I18*K18/1000),0) -> 0
I19: =1.25*(6371*ACOS(COS(RADIANS(90-E19))*COS(RADIANS(90-G19))+SIN(RADIANS(90-E19))*SIN(RADIANS(90-G19))*COS(RADIANS(F19-H19)))) -> 0 | K19: =+VLOOKUP(J19,'EF-S3'!$K$10:$L$17,2,) -> #N/A | L19: =+VLOOKUP(J19,'EF-S3'!$K$10:$M$17,3,) -> #N/A | M19: =+IFERROR(IF(D19="kg",C19*I19*K19,C19*I19*K19/1000),0) -> 0
I20: =1.25*(6371*ACOS(COS(RADIANS(90-E20))*COS(RADIANS(90-G20))+SIN(RADIANS(90-E20))*SIN(RADIANS(90-G20))*COS(RADIANS(F20-H20)))) -> 0 | K20: =+VLOOKUP(J20,'EF-S3'!$K$10:$L$17,2,) -> #N/A | L20: =+VLOOKUP(J20,'EF-S3'!$K$10:$M$17,3,) -> #N/A | M20: =+IFERROR(IF(D20="kg",C20*I20*K20,C20*I20*K20/1000),0) -> 0
I21: =1.25*(6371*ACOS(COS(RADIANS(90-E21))*COS(RADIANS(90-G21))+SIN(RADIANS(90-E21))*SIN(RADIANS(90-G21))*COS(RADIANS(F21-H21)))) -> 0 | K21: =+VLOOKUP(J21,'EF-S3'!$K$10:$L$17,2,) -> #N/A | L21: =+VLOOKUP(J21,'EF-S3'!$K$10:$M$17,3,) -> #N/A | M21: =+IFERROR(IF(D21="kg",C21*I21*K21,C21*I21*K21/1000),0) -> 0
I22: =1.25*(6371*ACOS(COS(RADIANS(90-E22))*COS(RADIANS(90-G22))+SIN(RADIANS(90-E22))*SIN(RADIANS(90-G22))*COS(RADIANS(F22-H22)))) -> 0 | K22: =+VLOOKUP(J22,'EF-S3'!$K$10:$L$17,2,) -> #N/A | L22: =+VLOOKUP(J22,'EF-S3'!$K$10:$M$17,3,) -> #N/A | M22: =+IFERROR(IF(D22="kg",C22*I22*K22,C22*I22*K22/1000),0) -> 0
I23: =1.25*(6371*ACOS(COS(RADIANS(90-E23))*COS(RADIANS(90-G23))+SIN(RADIANS(90-E23))*SIN(RADIANS(90-G23))*COS(RADIANS(F23-H23)))) -> 0 | K23: =+VLOOKUP(J23,'EF-S3'!$K$10:$L$17,2,) -> #N/A | L23: =+VLOOKUP(J23,'EF-S3'!$K$10:$M$17,3,) -> #N/A | M23: =+IFERROR(IF(D23="kg",C23*I23*K23,C23*I23*K23/1000),0) -> 0
I24: =1.25*(6371*ACOS(COS(RADIANS(90-E24))*COS(RADIANS(90-G24))+SIN(RADIANS(90-E24))*SIN(RADIANS(90-G24))*COS(RADIANS(F24-H24)))) -> 0 | K24: =+VLOOKUP(J24,'EF-S3'!$K$10:$L$17,2,) -> #N/A | L24: =+VLOOKUP(J24,'EF-S3'!$K$10:$M$17,3,) -> #N/A | M24: =+IFERROR(IF(D24="kg",C24*I24*K24,C24*I24*K24/1000),0) -> 0
I25: =1.25*(6371*ACOS(COS(RADIANS(90-E25))*COS(RADIANS(90-G25))+SIN(RADIANS(90-E25))*SIN(RADIANS(90-G25))*COS(RADIANS(F25-H25)))) -> 0 | K25: =+VLOOKUP(J25,'EF-S3'!$K$10:$L$17,2,) -> #N/A | L25: =+VLOOKUP(J25,'EF-S3'!$K$10:$M$17,3,) -> #N/A | M25: =+IFERROR(IF(D25="kg",C25*I25*K25,C25*I25*K25/1000),0) -> 0
I26: =1.25*(6371*ACOS(COS(RADIANS(90-E26))*COS(RADIANS(90-G26))+SIN(RADIANS(90-E26))*SIN(RADIANS(90-G26))*COS(RADIANS(F26-H26)))) -> 0 | K26: =+VLOOKUP(J26,'EF-S3'!$K$10:$L$17,2,) -> #N/A | L26: =+VLOOKUP(J26,'EF-S3'!$K$10:$M$17,3,) -> #N/A | M26: =+IFERROR(IF(D26="kg",C26*I26*K26,C26*I26*K26/1000),0) -> 0
I27: =1.25*(6371*ACOS(COS(RADIANS(90-E27))*COS(RADIANS(90-G27))+SIN(RADIANS(90-E27))*SIN(RADIANS(90-G27))*COS(RADIANS(F27-H27)))) -> 0 | K27: =+VLOOKUP(J27,'EF-S3'!$K$10:$L$17,2,) -> #N/A | L27: =+VLOOKUP(J27,'EF-S3'!$K$10:$M$17,3,) -> #N/A | M27: =+IFERROR(IF(D27="kg",C27*I27*K27,C27*I27*K27/1000),0) -> 0
... I103: =1.25*(6371*ACOS(COS(RADIANS(90-E103))*COS(RADIANS(90-G103))+SIN(RADIANS(90-E103))*SIN(RADIANS(90-G103))*COS(RADIANS(F103-H103)))) -> 0 | K103: =+VLOOKUP(J103,'EF-S3'!$K$10:$L$17,2,) -> #N/A | L103: =+VLOOKUP(J103,'EF-S3'!$K$10:$M$17,3,) -> #N/A | M103: =+IFERROR(IF(D103="kg",C103*I103*K103,C103*I103*K103/1000),0) -> 0

Sheet Scope 3-Downstream transp.
A6: Emission source-stream: downstream transportation (Transportation and distribution of sold products)
B9: Activity data | J9: EF | L9: GHG Emissions
B10: Annual sold product | C10: Unit | D10: Destination of the sold product - latitude (Decimal degrees format) | E10: Destination of the sold product - longitude (Decimal degrees format) | F10: Origin - latitude (Decimal degrees format) | G10: Origin - longitude (Decimal degrees format) | H10: Estimated distance (km) | I10: Mean of transport | J10: Value | K10: Unit | L10: Total tCO2e
H11: =1.25*(6371*ACOS(COS(RADIANS(90-D11))*COS(RADIANS(90-F11))+SIN(RADIANS(90-D11))*SIN(RADIANS(90-F11))*COS(RADIANS(E11-G11)))) -> 0 | I11: All Artics | J11: =+VLOOKUP(I11,'EF-S3'!$K$10:$L$17,2,) -> 0.05944 | K11: =+VLOOKUP(I11,'EF-S3'!$K$10:$M$17,3,) -> kgCO2e/tonne*km | L11: =+IFERROR(IF(C11="kg",B11*H11*J11,B11*H11*J11/1000),0) -> 0
H12: =1.25*(6371*ACOS(COS(RADIANS(90-D12))*COS(RADIANS(90-F12))+SIN(RADIANS(90-D12))*SIN(RADIANS(90-F12))*COS(RADIANS(E12-G12)))) -> 0 | J12: =+VLOOKUP(I12,'EF-S3'!$K$10:$L$17,2,) -> #N/A | K12: =+VLOOKUP(I12,'EF-S3'!$K$10:$M$17,3,) -> #N/A | L12: =+IFERROR(IF(C12="kg",B12*H12*J12,B12*H12*J12/1000),0) -> 0
H13: =1.25*(6371*ACOS(COS(RADIANS(90-D13))*COS(RADIANS(90-F13))+SIN(RADIANS(90-D13))*SIN(RADIANS(90-F13))*COS(RADIANS(E13-G13)))) -> 0 | J13: =+VLOOKUP(I13,'EF-S3'!$K$10:$L$17,2,) -> #N/A | K13: =+VLOOKUP(I13,'EF-S3'!$K$10:$M$17,3,) -> #N/A | L13: =+IFERROR(IF(C13="kg",B13*H13*J13,B13*H13*J13/1000),0) -> 0
H14: =1.25*(6371*ACOS(COS(RADIANS(90-D14))*COS(RADIANS(90-F14))+SIN(RADIANS(90-D14))*SIN(RADIANS(90-F14))*COS(RADIANS(E14-G14)))) -> 0 | J14: =+VLOOKUP(I14,'EF-S3'!$K$10:$L$17,2,) -> #N/A | K14: =+VLOOKUP(I14,'EF-S3'!$K$10:$M$17,3,) -> #N/A | L14: =+IFERROR(IF(C14="kg",B14*H14*J14,B14*H14*J14/1000),0) -> 0
H15: =1.25*(6371*ACOS(COS(RADIANS(90-D15))*COS(RADIANS(90-F15))+SIN(RADIANS(90-D15))*SIN(RADIANS(90-F15))*COS(RADIANS(E15-G15)))) -> 0 | J15: =+VLOOKUP(I15,'EF-S3'!$K$10:$L$17,2,) -> #N/A | K15: =+VLOOKUP(I15,'EF-S3'!$K$10:$M$17,3,) -> #N/A | L15: =+IFERROR(IF(C15="kg",B15*H15*J15,B15*H15*J15/1000),0) -> 0
H16: =1.25*(6371*ACOS(COS(RADIANS(90-D16))*COS(RADIANS(90-F16))+SIN(RADIANS(90-D16))*SIN(RADIANS(90-F16))*COS(RADIANS(E16-G16)))) -> 0 | J16: =+VLOOKUP(I16,'EF-S3'!$K$10:$L$17,2,) -> #N/A | K16: =+VLOOKUP(I16,'EF-S3'!$K$10:$M$17,3,) -> #N/A | L16: =+IFERROR(IF(C16="kg",B16*H16*J16,B16*H16*J16/1000),0) -> 0
H17: =1.25*(6371*ACOS(COS(RADIANS(90-D17))*COS(RADIANS(90-F17))+SIN(RADIANS(90-D17))*SIN(RADIANS(90-F17))*COS(RADIANS(E17-G17)))) -> 0 | J17: =+VLOOKUP(I17,'EF-S3'!$K$10:$L$17,2,) -> #N/A | K17: =+VLOOKUP(I17,'EF-S3'!$K$10:$M$17,3,) -> #N/A | L17: =+IFERROR(IF(C17="kg",B17*H17*J17,B17*H17*J17/1000),0) -> 0
H18: =1.25*(6371*ACOS(COS(RADIANS(90-D18))*COS(RADIANS(90-F18))+SIN(RADIANS(90-D18))*SIN(RADIANS(90-F18))*COS(RADIANS(E18-G18)))) -> 0 | J18: =+VLOOKUP(I18,'EF-S3'!$K$10:$L$17,2,) -> #N/A | K18: =+VLOOKUP(I18,'EF-S3'!$K$10:$M$17,3,) -> #N/A | L18: =+IFERROR(IF(C18="kg",B18*H18*J18,B18*H18*J18/1000),0) -> 0
H19: =1.25*(6371*ACOS(COS(RADIANS(90-D19))*COS(RADIANS(90-F19))+SIN(RADIANS(90-D19))*SIN(RADIANS(90-F19))*COS(RADIANS(E19-G19)))) -> 0 | J19: =+VLOOKUP(I19,'EF-S3'!$K$10:$L$17,2,) -> #N/A | K19: =+VLOOKUP(I19,'EF-S3'!$K$10:$M$17,3,) -> #N/A | L19: =+IFERROR(IF(C19="kg",B19*H19*J19,B19*H19*J19/1000),0) -> 0
H20: =1.25*(6371*ACOS(COS(RADIANS(90-D20))*COS(RADIANS(90-F20))+SIN(RADIANS(90-D20))*SIN(RADIANS(90-F20))*COS(RADIANS(E20-G20)))) -> 0 | J20: =+VLOOKUP(I20,'EF-S3'!$K$10:$L$17,2,) -> #N/A | K20: =+VLOOKUP(I20,'EF-S3'!$K$10:$M$17,3,) -> #N/A | L20: =+IFERROR(IF(C20="kg",B20*H20*J20,B20*H20*J20/1000),0) -> 0
H21: =1.25*(6371*ACOS(COS(RADIANS(90-D21))*COS(RADIANS(90-F21))+SIN(RADIANS(90-D21))*SIN(RADIANS(90-F21))*COS(RADIANS(E21-G21)))) -> 0 | J21: =+VLOOKUP(I21,'EF-S3'!$K$10:$L$17,2,) -> #N/A | K21: =+VLOOKUP(I21,'EF-S3'!$K$10:$M$17,3,) -> #N/A | L21: =+IFERROR(IF(C21="kg",B21*H21*J21,B21*H21*J21/1000),0) -> 0
H22: =1.25*(6371*ACOS(COS(RADIANS(90-D22))*COS(RADIANS(90-F22))+SIN(RADIANS(90-D22))*SIN(RADIANS(90-F22))*COS(RADIANS(E22-G22)))) -> 0 | J22: =+VLOOKUP(I22,'EF-S3'!$K$10:$L$17,2,) -> #N/A | K22: =+VLOOKUP(I22,'EF-S3'!$K$10:$M$17,3,) -> #N/A | L22: =+IFERROR(IF(C22="kg",B22*H22*J22,B22*H22*J22/1000),0) -> 0
H23: =1.25*(6371*ACOS(COS(RADIANS(90-D23))*COS(RADIANS(90-F23))+SIN(RADIANS(90-D23))*SIN(RADIANS(90-F23))*COS(RADIANS(E23-G23)))) -> 0 | J23: =+VLOOKUP(I23,'EF-S3'!$K$10:$L$17,2,) -> #N/A | K23: =+VLOOKUP(I23,'EF-S3'!$K$10:$M$17,3,) -> #N/A | L23: =+IFERROR(IF(C23="kg",B23*H23*J23,B23*H23*J23/1000),0) -> 0
... H104: =1.25*(6371*ACOS(COS(RADIANS(90-D104))*COS(RADIANS(90-F104))+SIN(RADIANS(90-D104))*SIN(RADIANS(90-F104))*COS(RADIANS(E104-G104)))) -> 0 | J104: =+VLOOKUP(I104,'EF-S3'!$K$10:$L$17,2,) -> #N/A | K104: =+VLOOKUP(I104,'EF-S3'!$K$10:$M$17,3,) -> #N/A | L104: =+IFERROR(IF(C104="kg",B104*H104*J104,B104*H104*J104/1000),0) -> 0

Sheet Scope 3-Waste generation
A5: Emission source-stream: waste generation
B8: Activity data | G8: EF | I8: GHG Emissions | K8: Type | L8: Hazardousity | M8: Treatment
B9: Type | C9: Hazardous | D9: Treatment | E9: Quantity | F9: Unit | G9: Value | H9: Unit | I9: Total tCO2e | K9: Paper and board: mixed | L9: Yes | M9: Destinated to disposal
B10: Batteries | C10: No | G10: {=+_xlfn.IFS(D10=$M$10,VLOOKUP(B10,'EF-S3 Waste'!$C$115:$H$129,6,),D10=$M$9,VLOOKUP(B10,'EF-S3 Waste'!$C$132:$H$146,6,))} -> #N/A | H10: {=+_xlfn.IFS(D10=$M$10,VLOOKUP(B10,'EF-S3 Waste'!$C$115:$I$129,7,),D10=$M$9,VLOOKUP(B10,'EF-S3 Waste'!$C$132:$I$146,7,))} -> #N/A | I10: =+IFERROR(IF(F10="kg",E10*G10/1000000,E10*G10/1000),0) -> 0 | K10: Mixed cans | L10: No | M10: Diverted from disposal
G11: {=+_xlfn.IFS(D11=$M$10,VLOOKUP(B11,'EF-S3 Waste'!$C$115:$H$129,6,),D11=$M$9,VLOOKUP(B11,'EF-S3 Waste'!$C$132:$H$146,6,))} -> #N/A | H11: {=+_xlfn.IFS(D11=$M$10,VLOOKUP(B11,'EF-S3 Waste'!$C$115:$I$129,7,),D11=$M$9,VLOOKUP(B11,'EF-S3 Waste'!$C$132:$I$146,7,))} -> #N/A | I11: =+IFERROR(IF(F11="kg",E11*G11/1000000,E11*G11/1000),0) -> 0 | K11: Metal: scrap metal
G12: {=+_xlfn.IFS(D12=$M$10,VLOOKUP(B12,'EF-S3 Waste'!$C$115:$H$129,6,),D12=$M$9,VLOOKUP(B12,'EF-S3 Waste'!$C$132:$H$146,6,))} -> #N/A | H12: {=+_xlfn.IFS(D12=$M$10,VLOOKUP(B12,'EF-S3 Waste'!$C$115:$I$129,7,),D12=$M$9,VLOOKUP(B12,'EF-S3 Waste'!$C$132:$I$146,7,))} -> #N/A | I12: =+IFERROR(IF(F12="kg",E12*G12/1000000,E12*G12/1000),0) -> 0 | K12: Plastics: average plastics
G13: {=+_xlfn.IFS(D13=$M$10,VLOOKUP(B13,'EF-S3 Waste'!$C$115:$H$129,6,),D13=$M$9,VLOOKUP(B13,'EF-S3 Waste'!$C$132:$H$146,6,))} -> #N/A | H13: {=+_xlfn.IFS(D13=$M$10,VLOOKUP(B13,'EF-S3 Waste'!$C$115:$I$129,7,),D13=$M$9,VLOOKUP(B13,'EF-S3 Waste'!$C$132:$I$146,7,))} -> #N/A | I13: =+IFERROR(IF(F13="kg",E13*G13/1000000,E13*G13/1000),0) -> 0 | K13: Plastics: average plastic rigid
G14: {=+_xlfn.IFS(D14=$M$10,VLOOKUP(B14,'EF-S3 Waste'!$C$115:$H$129,6,),D14=$M$9,VLOOKUP(B14,'EF-S3 Waste'!$C$132:$H$146,6,))} -> #N/A | H14: {=+_xlfn.IFS(D14=$M$10,VLOOKUP(B14,'EF-S3 Waste'!$C$115:$I$129,7,),D14=$M$9,VLOOKUP(B14,'EF-S3 Waste'!$C$132:$I$146,7,))} -> #N/A | I14: =+IFERROR(IF(F14="kg",E14*G14/1000000,E14*G14/1000),0) -> 0 | K14: Average construction
G15: {=+_xlfn.IFS(D15=$M$10,VLOOKUP(B15,'EF-S3 Waste'!$C$115:$H$129,6,),D15=$M$9,VLOOKUP(B15,'EF-S3 Waste'!$C$132:$H$146,6,))} -> #N/A | H15: {=+_xlfn.IFS(D15=$M$10,VLOOKUP(B15,'EF-S3 Waste'!$C$115:$I$129,7,),D15=$M$9,VLOOKUP(B15,'EF-S3 Waste'!$C$132:$I$146,7,))} -> #N/A | I15: =+IFERROR(IF(F15="kg",E15*G15/1000000,E15*G15/1000),0) -> 0 | K15: Wood
G16: {=+_xlfn.IFS(D16=$M$10,VLOOKUP(B16,'EF-S3 Waste'!$C$115:$H$129,6,),D16=$M$9,VLOOKUP(B16,'EF-S3 Waste'!$C$132:$H$146,6,))} -> #N/A | H16: {=+_xlfn.IFS(D16=$M$10,VLOOKUP(B16,'EF-S3 Waste'!$C$115:$I$129,7,),D16=$M$9,VLOOKUP(B16,'EF-S3 Waste'!$C$132:$I$146,7,))} -> #N/A | I16: =+IFERROR(IF(F16="kg",E16*G16/1000000,E16*G16/1000),0) -> 0 | K16: Insulation
G17: {=+_xlfn.IFS(D17=$M$10,VLOOKUP(B17,'EF-S3 Waste'!$C$115:$H$129,6,),D17=$M$9,VLOOKUP(B17,'EF-S3 Waste'!$C$132:$H$146,6,))} -> #N/A | H17: {=+_xlfn.IFS(D17=$M$10,VLOOKUP(B17,'EF-S3 Waste'!$C$115:$I$129,7,),D17=$M$9,VLOOKUP(B17,'EF-S3 Waste'!$C$132:$I$146,7,))} -> #N/A | I17: =+IFERROR(IF(F17="kg",E17*G17/1000000,E17*G17/1000),0) -> 0 | K17: Mineral oil
G18: {=+_xlfn.IFS(D18=$M$10,VLOOKUP(B18,'EF-S3 Waste'!$C$115:$H$129,6,),D18=$M$9,VLOOKUP(B18,'EF-S3 Waste'!$C$132:$H$146,6,))} -> #N/A | H18: {=+_xlfn.IFS(D18=$M$10,VLOOKUP(B18,'EF-S3 Waste'!$C$115:$I$129,7,),D18=$M$9,VLOOKUP(B18,'EF-S3 Waste'!$C$132:$I$146,7,))} -> #N/A | I18: =+IFERROR(IF(F18="kg",E18*G18/1000000,E18*G18/1000),0) -> 0 | K18: Soils
G19: {=+_xlfn.IFS(D19=$M$10,VLOOKUP(B19,'EF-S3 Waste'!$C$115:$H$129,6,),D19=$M$9,VLOOKUP(B19,'EF-S3 Waste'!$C$132:$H$146,6,))} -> #N/A | H19: {=+_xlfn.IFS(D19=$M$10,VLOOKUP(B19,'EF-S3 Waste'!$C$115:$I$129,7,),D19=$M$9,VLOOKUP(B19,'EF-S3 Waste'!$C$132:$I$146,7,))} -> #N/A | I19: =+IFERROR(IF(F19="kg",E19*G19/1000000,E19*G19/1000),0) -> 0 | K19: WEEE - mixed
G20: {=+_xlfn.IFS(D20=$M$10,VLOOKUP(B20,'EF-S3 Waste'!$C$115:$H$129,6,),D20=$M$9,VLOOKUP(B20,'EF-S3 Waste'!$C$132:$H$146,6,))} -> #N/A | H20: {=+_xlfn.IFS(D20=$M$10,VLOOKUP(B20,'EF-S3 Waste'!$C$115:$I$129,7,),D20=$M$9,VLOOKUP(B20,'EF-S3 Waste'!$C$132:$I$146,7,))} -> #N/A | I20: =+IFERROR(IF(F20="kg",E20*G20/1000000,E20*G20/1000),0) -> 0 | K20: Batteries
G21: {=+_xlfn.IFS(D21=$M$10,VLOOKUP(B21,'EF-S3 Waste'!$C$115:$H$129,6,),D21=$M$9,VLOOKUP(B21,'EF-S3 Waste'!$C$132:$H$146,6,))} -> #N/A | H21: {=+_xlfn.IFS(D21=$M$10,VLOOKUP(B21,'EF-S3 Waste'!$C$115:$I$129,7,),D21=$M$9,VLOOKUP(B21,'EF-S3 Waste'!$C$132:$I$146,7,))} -> #N/A | I21: =+IFERROR(IF(F21="kg",E21*G21/1000000,E21*G21/1000),0) -> 0 | K21: Municipal waste
G22: {=+_xlfn.IFS(D22=$M$10,VLOOKUP(B22,'EF-S3 Waste'!$C$115:$H$129,6,),D22=$M$9,VLOOKUP(B22,'EF-S3 Waste'!$C$132:$H$146,6,))} -> #N/A | H22: {=+_xlfn.IFS(D22=$M$10,VLOOKUP(B22,'EF-S3 Waste'!$C$115:$I$129,7,),D22=$M$9,VLOOKUP(B22,'EF-S3 Waste'!$C$132:$I$146,7,))} -> #N/A | I22: =+IFERROR(IF(F22="kg",E22*G22/1000000,E22*G22/1000),0) -> 0 | K22: Commercial and industrial waste
G23: {=+_xlfn.IFS(D23=$M$10,VLOOKUP(B23,'EF-S3 Waste'!$C$115:$H$129,6,),D23=$M$9,VLOOKUP(B23,'EF-S3 Waste'!$C$132:$H$146,6,))} -> #N/A | H23: {=+_xlfn.IFS(D23=$M$10,VLOOKUP(B23,'EF-S3 Waste'!$C$115:$I$129,7,),D23=$M$9,VLOOKUP(B23,'EF-S3 Waste'!$C$132:$I$146,7,))} -> #N/A | I23: =+IFERROR(IF(F23="kg",E23*G23/1000000,E23*G23/1000),0) -> 0 | K23: Organic: garden waste
G24: {=+_xlfn.IFS(D24=$M$10,VLOOKUP(B24,'EF-S3 Waste'!$C$115:$H$129,6,),D24=$M$9,VLOOKUP(B24,'EF-S3 Waste'!$C$132:$H$146,6,))} -> #N/A | H24: {=+_xlfn.IFS(D24=$M$10,VLOOKUP(B24,'EF-S3 Waste'!$C$115:$I$129,7,),D24=$M$9,VLOOKUP(B24,'EF-S3 Waste'!$C$132:$I$146,7,))} -> #N/A | I24: =+IFERROR(IF(F24="kg",E24*G24/1000000,E24*G24/1000),0) -> 0
G25: {=+_xlfn.IFS(D25=$M$10,VLOOKUP(B25,'EF-S3 Waste'!$C$115:$H$129,6,),D25=$M$9,VLOOKUP(B25,'EF-S3 Waste'!$C$132:$H$146,6,))} -> #N/A | H25: {=+_xlfn.IFS(D25=$M$10,VLOOKUP(B25,'EF-S3 Waste'!$C$115:$I$129,7,),D25=$M$9,VLOOKUP(B25,'EF-S3 Waste'!$C$132:$I$146,7,))} -> #N/A | I25: =+IFERROR(IF(F25="kg",E25*G25/1000000,E25*G25/1000),0) -> 0
G26: {=+_xlfn.IFS(D26=$M$10,VLOOKUP(B26,'EF-S3 Waste'!$C$115:$H$129,6,),D26=$M$9,VLOOKUP(B26,'EF-S3 Waste'!$C$132:$H$146,6,))} -> #N/A | H26: {=+_xlfn.IFS(D26=$M$10,VLOOKUP(B26,'EF-S3 Waste'!$C$115:$I$129,7,),D26=$M$9,VLOOKUP(B26,'EF-S3 Waste'!$C$132:$I$146,7,))} -> #N/A | I26: =+IFERROR(IF(F26="kg",E26*G26/1000000,E26*G26/1000),0) -> 0
G27: {=+_xlfn.IFS(D27=$M$10,VLOOKUP(B27,'EF-S3 Waste'!$C$115:$H$129,6,),D27=$M$9,VLOOKUP(B27,'EF-S3 Waste'!$C$132:$H$146,6,))} -> #N/A | H27: {=+_xlfn.IFS(D27=$M$10,VLOOKUP(B27,'EF-S3 Waste'!$C$115:$I$129,7,),D27=$M$9,VLOOKUP(B27,'EF-S3 Waste'!$C$132:$I$146,7,))} -> #N/A | I27: =+IFERROR(IF(F27="kg",E27*G27/1000000,E27*G27/1000),0) -> 0
G28: {=+_xlfn.IFS(D28=$M$10,VLOOKUP(B28,'EF-S3 Waste'!$C$115:$H$129,6,),D28=$M$9,VLOOKUP(B28,'EF-S3 Waste'!$C$132:$H$146,6,))} -> #N/A | H28: {=+_xlfn.IFS(D28=$M$10,VLOOKUP(B28,'EF-S3 Waste'!$C$115:$I$129,7,),D28=$M$9,VLOOKUP(B28,'EF-S3 Waste'!$C$132:$I$146,7,))} -> #N/A | I28: =+IFERROR(IF(F28="kg",E28*G28/1000000,E28*G28/1000),0) -> 0
G29: {=+_xlfn.IFS(D29=$M$10,VLOOKUP(B29,'EF-S3 Waste'!$C$115:$H$129,6,),D29=$M$9,VLOOKUP(B29,'EF-S3 Waste'!$C$132:$H$146,6,))} -> #N/A | H29: {=+_xlfn.IFS(D29=$M$10,VLOOKUP(B29,'EF-S3 Waste'!$C$115:$I$129,7,),D29=$M$9,VLOOKUP(B29,'EF-S3 Waste'!$C$132:$I$146,7,))} -> #N/A | I29: =+IFERROR(IF(F29="kg",E29*G29/1000000,E29*G29/1000),0) -> 0
G30: {=+_xlfn.IFS(D30=$M$10,VLOOKUP(B30,'EF-S3 Waste'!$C$115:$H$129,6,),D30=$M$9,VLOOKUP(B30,'EF-S3 Waste'!$C$132:$H$146,6,))} -> #N/A | H30: {=+_xlfn.IFS(D30=$M$10,VLOOKUP(B30,'EF-S3 Waste'!$C$115:$I$129,7,),D30=$M$9,VLOOKUP(B30,'EF-S3 Waste'!$C$132:$I$146,7,))} -> #N/A | I30: =+IFERROR(IF(F30="kg",E30*G30/1000000,E30*G30/1000),0) -> 0
G31: {=+_xlfn.IFS(D31=$M$10,VLOOKUP(B31,'EF-S3 Waste'!$C$115:$H$129,6,),D31=$M$9,VLOOKUP(B31,'EF-S3 Waste'!$C$132:$H$146,6,))} -> #N/A | H31: {=+_xlfn.IFS(D31=$M$10,VLOOKUP(B31,'EF-S3 Waste'!$C$115:$I$129,7,),D31=$M$9,VLOOKUP(B31,'EF-S3 Waste'!$C$132:$I$146,7,))} -> #N/A | I31: =+IFERROR(IF(F31="kg",E31*G31/1000000,E31*G31/1000),0) -> 0
G32: {=+_xlfn.IFS(D32=$M$10,VLOOKUP(B32,'EF-S3 Waste'!$C$115:$H$129,6,),D32=$M$9,VLOOKUP(B32,'EF-S3 Waste'!$C$132:$H$146,6,))} -> #N/A | H32: {=+_xlfn.IFS(D32=$M$10,VLOOKUP(B32,'EF-S3 Waste'!$C$115:$I$129,7,),D32=$M$9,VLOOKUP(B32,'EF-S3 Waste'!$C$132:$I$146,7,))} -> #N/A | I32: =+IFERROR(IF(F32="kg",E32*G32/1000000,E32*G32/1000),0) -> 0
G33: {=+_xlfn.IFS(D33=$M$10,VLOOKUP(B33,'EF-S3 Waste'!$C$115:$H$129,6,),D33=$M$9,VLOOKUP(B33,'EF-S3 Waste'!$C$132:$H$146,6,))} -> #N/A | H33: {=+_xlfn.IFS(D33=$M$10,VLOOKUP(B33,'EF-S3 Waste'!$C$115:$I$129,7,),D33=$M$9,VLOOKUP(B33,'EF-S3 Waste'!$C$132:$I$146,7,))} -> #N/A | I33: =+IFERROR(IF(F33="kg",E33*G33/1000000,E33*G33/1000),0) -> 0
G34: {=+_xlfn.IFS(D34=$M$10,VLOOKUP(B34,'EF-S3 Waste'!$C$115:$H$129,6,),D34=$M$9,VLOOKUP(B34,'EF-S3 Waste'!$C$132:$H$146,6,))} -> #N/A | H34: {=+_xlfn.IFS(D34=$M$10,VLOOKUP(B34,'EF-S3 Waste'!$C$115:$I$129,7,),D34=$M$9,VLOOKUP(B34,'EF-S3 Waste'!$C$132:$I$146,7,))} -> #N/A | I34: =+IFERROR(IF(F34="kg",E34*G34/1000000,E34*G34/1000),0) -> 0
G35: {=+_xlfn.IFS(D35=$M$10,VLOOKUP(B35,'EF-S3 Waste'!$C$115:$H$129,6,),D35=$M$9,VLOOKUP(B35,'EF-S3 Waste'!$C$132:$H$146,6,))} -> #N/A | H35: {=+_xlfn.IFS(D35=$M$10,VLOOKUP(B35,'EF-S3 Waste'!$C$115:$I$129,7,),D35=$M$9,VLOOKUP(B35,'EF-S3 Waste'!$C$132:$I$146,7,))} -> #N/A | I35: =+IFERROR(IF(F35="kg",E35*G35/1000000,E35*G35/1000),0) -> 0
... G103: {=+_xlfn.IFS(D103=$M$10,VLOOKUP(B103,'EF-S3 Waste'!$C$115:$H$129,6,),D103=$M$9,VLOOKUP(B103,'EF-S3 Waste'!$C$132:$H$146,6,))} -> #N/A | H103: {=+_xlfn.IFS(D103=$M$10,VLOOKUP(B103,'EF-S3 Waste'!$C$115:$I$129,7,),D103=$M$9,VLOOKUP(B103,'EF-S3 Waste'!$C$132:$I$146,7,))} -> #N/A | I103: =+IFERROR(IF(F103="kg",E103*G103/1000000,E103*G103/1000),0) -> 0

Sheet Scope 3-Business travel
A6: Emission source-stream: business travel
B8: Activity data - transports | F8: EF | H8: GHG Emissions | J8: Activity data - hotel stays | M8: EF - hotel nights | O8: GHG Emissions | AB8: Transport
B9: Origin | C9: Destination | D9: Estimated distance (km) | E9: Mean of transport | F9: Value | G9: Unit | H9: Total tCO2e | J9: Country | K9: Number of rooms booked | L9: Number of nights stayed | M9: Value | N9: Unit | O9: Total tCO2e | AB9: Average car
B10: Madrid | C10: Singapore | D10: 11374 | E10: Air | F10: =+VLOOKUP(E10,'EF-S3'!$B$17:$C$21,2,) -> 0.08117 | G10: =+'EF-S3'!$C$16 -> kg CO2e/km | H10: =+IFERROR((D10*F10)/1000,0) -> 0.92322758 | J10: Singapore | K10: 2 | L10: 3 | M10: =+VLOOKUP(J10,'EF-S3'!$B$38:$C$88,2,) -> 37.8 | N10: =+countries[[#Headers],[kgCO2e/room per night]] -> kgCO2e/room per night | O10: =+IFERROR((K10*L10*M10)/1000,0) -> 0.2268 | AB10: Air
B11: Singapore | C11: Melbourne | D11: 6059 | E11: Air | F11: =+VLOOKUP(E11,'EF-S3'!$B$17:$C$21,2,) -> 0.08117 | G11: =+'EF-S3'!$C$16 -> kg CO2e/km | H11: =+IFERROR((D11*F11)/1000,0) -> 0.49180903 | J11: Australia | K11: 2 | L11: 3 | M11: =+VLOOKUP(J11,'EF-S3'!$B$38:$C$88,2,) -> 42.6 | N11: =+countries[[#Headers],[kgCO2e/room per night]] -> kgCO2e/room per night | O11: =+IFERROR((K11*L11*M11)/1000,0) -> 0.2556 | AB11: Rail
B12: Melbourne | C12: Madrid | D12: 17320 | E12: Air | F12: =+VLOOKUP(E12,'EF-S3'!$B$17:$C$21,2,) -> 0.08117 | G12: =+'EF-S3'!$C$16 -> kg CO2e/km | H12: =+IFERROR((D12*F12)/1000,0) -> 1.4058644 | J12: United States | K12: 2 | L12: 5 | M12: =+VLOOKUP(J12,'EF-S3'!$B$38:$C$88,2,) -> 19.7 | N12: =+countries[[#Headers],[kgCO2e/room per night]] -> kgCO2e/room per night | O12: =+IFERROR((K12*L12*M12)/1000,0) -> 0.197 | AB12: Motorbike
B13: Madrid | C13: Boston | D13: 5470 | E13: Air | F13: =+VLOOKUP(E13,'EF-S3'!$B$17:$C$21,2,) -> 0.08117 | G13: =+'EF-S3'!$C$16 -> kg CO2e/km | H13: =+IFERROR((D13*F13)/1000,0) -> 0.4439999 | J13: Korea | K13: 2 | L13: 2 | M13: =+VLOOKUP(J13,'EF-S3'!$B$38:$C$88,2,) -> 61.2 | N13: =+countries[[#Headers],[kgCO2e/room per night]] -> kgCO2e/room per night | O13: =+IFERROR((K13*L13*M13)/1000,0) -> 0.2448 | AB13: Bus
B14: Boston | C14: Madrid | D14: 5470 | E14: Air | F14: =+VLOOKUP(E14,'EF-S3'!$B$17:$C$21,2,) -> 0.08117 | G14: =+'EF-S3'!$C$16 -> kg CO2e/km | H14: =+IFERROR((D14*F14)/1000,0) -> 0.4439999 | J14: Netherlands | K14: 2 | L14: 2 | M14: =+VLOOKUP(J14,'EF-S3'!$B$38:$C$88,2,) -> 20.9 | N14: =+countries[[#Headers],[kgCO2e/room per night]] -> kgCO2e/room per night | O14: =+IFERROR((K14*L14*M14)/1000,0) -> 0.0836
B15: Madrid | C15: Seoul | D15: 9990.4 | E15: Air | F15: =+VLOOKUP(E15,'EF-S3'!$B$17:$C$21,2,) -> 0.08117 | G15: =+'EF-S3'!$C$16 -> kg CO2e/km | H15: =+IFERROR((D15*F15)/1000,0) -> 0.81092077 | J15: United Arab Emirates | K15: 3 | L15: 6 | M15: =+VLOOKUP(J15,'EF-S3'!$B$38:$C$88,2,) -> 114.4 | N15: =+countries[[#Headers],[kgCO2e/room per night]] -> kgCO2e/room per night | O15: =+IFERROR((K15*L15*M15)/1000,0) -> 2.0592
B16: Seoul | C16: Amsterdam | D16: 8629 | E16: Air | F16: =+VLOOKUP(E16,'EF-S3'!$B$17:$C$21,2,) -> 0.08117 | G16: =+'EF-S3'!$C$16 -> kg CO2e/km | H16: =+IFERROR((D16*F16)/1000,0) -> 0.70041593 | J16: Saudi Arabia | K16: 3 | L16: 4 | M16: =+VLOOKUP(J16,'EF-S3'!$B$38:$C$88,2,) -> 114.5 | N16: =+countries[[#Headers],[kgCO2e/room per night]] -> kgCO2e/room per night | O16: =+IFERROR((K16*L16*M16)/1000,0) -> 1.374
B17: Amsterdam | C17: Madrid | D17: 2063.36 | E17: Air | F17: =+VLOOKUP(E17,'EF-S3'!$B$17:$C$21,2,) -> 0.08117 | G17: =+'EF-S3'!$C$16 -> kg CO2e/km | H17: =+IFERROR((D17*F17)/1000,0) -> 0.16748293 | J17: France | K17: 2 | L17: 1 | M17: =+VLOOKUP(J17,'EF-S3'!$B$38:$C$88,2,) -> 6.5 | N17: =+countries[[#Headers],[kgCO2e/room per night]] -> kgCO2e/room per night | O17: =+IFERROR((K17*L17*M17)/1000,0) -> 0.013
B18: Madrid | C18: Copenhaguen | D18: 2063.36 | E18: Air | F18: =+VLOOKUP(E18,'EF-S3'!$B$17:$C$21,2,) -> 0.08117 | G18: =+'EF-S3'!$C$16 -> kg CO2e/km | H18: =+IFERROR((D18*F18)/1000,0) -> 0.16748293 | J18: Germany | K18: 5 | L18: 5 | M18: =+VLOOKUP(J18,'EF-S3'!$B$38:$C$88,2,) -> 17 | N18: =+countries[[#Headers],[kgCO2e/room per night]] -> kgCO2e/room per night | O18: =+IFERROR((K18*L18*M18)/1000,0) -> 0.425
B19: Copenhaguen | C19: Helsinki | D19: 926.9 | E19: Air | F19: =+VLOOKUP(E19,'EF-S3'!$B$17:$C$21,2,) -> 0.08117 | G19: =+'EF-S3'!$C$16 -> kg CO2e/km | H19: =+IFERROR((D19*F19)/1000,0) -> 0.075236473 | M19: =+VLOOKUP(J19,'EF-S3'!$B$38:$C$88,2,) -> #N/A | N19: =+countries[[#Headers],[kgCO2e/room per night]] -> kgCO2e/room per night | O19: =+IFERROR((K19*L19*M19)/1000,0) -> 0
B20: Madrid | C20: Paris | D20: 1050 | E20: Air | F20: =+VLOOKUP(E20,'EF-S3'!$B$17:$C$21,2,) -> 0.08117 | G20: =+'EF-S3'!$C$16 -> kg CO2e/km | H20: =+IFERROR((D20*F20)/1000,0) -> 0.0852285 | M20: =+VLOOKUP(J20,'EF-S3'!$B$38:$C$88,2,) -> #N/A | N20: =+countries[[#Headers],[kgCO2e/room per night]] -> kgCO2e/room per night | O20: =+IFERROR((K20*L20*M20)/1000,0) -> 0
B21: Paris | C21: Madrid | D21: 1050 | E21: Air | F21: =+VLOOKUP(E21,'EF-S3'!$B$17:$C$21,2,) -> 0.08117 | G21: =+'EF-S3'!$C$16 -> kg CO2e/km | H21: =+IFERROR((D21*F21)/1000,0) -> 0.0852285 | M21: =+VLOOKUP(J21,'EF-S3'!$B$38:$C$88,2,) -> #N/A | N21: =+countries[[#Headers],[kgCO2e/room per night]] -> kgCO2e/room per night | O21: =+IFERROR((K21*L21*M21)/1000,0) -> 0
B22: Madrid | C22: Roma | D22: 1353.43 | E22: Air | F22: =+VLOOKUP(E22,'EF-S3'!$B$17:$C$21,2,) -> 0.08117 | G22: =+'EF-S3'!$C$16 -> kg CO2e/km | H22: =+IFERROR((D22*F22)/1000,0) -> 0.10985791 | M22: =+VLOOKUP(J22,'EF-S3'!$B$38:$C$88,2,) -> #N/A | N22: =+countries[[#Headers],[kgCO2e/room per night]] -> kgCO2e/room per night | O22: =+IFERROR((K22*L22*M22)/1000,0) -> 0
B23: Roma | C23: Madrid | D23: 1353.43 | E23: Air | F23: =+VLOOKUP(E23,'EF-S3'!$B$17:$C$21,2,) -> 0.08117 | G23: =+'EF-S3'!$C$16 -> kg CO2e/km | H23: =+IFERROR((D23*F23)/1000,0) -> 0.10985791 | M23: =+VLOOKUP(J23,'EF-S3'!$B$38:$C$88,2,) -> #N/A | N23: =+countries[[#Headers],[kgCO2e/room per night]] -> kgCO2e/room per night | O23: =+IFERROR((K23*L23*M23)/1000,0) -> 0
B24: Madrid | C24: Dubai | D24: 5615 | E24: Air | F24: =+VLOOKUP(E24,'EF-S3'!$B$17:$C$21,2,) -> 0.08117 | G24: =+'EF-S3'!$C$16 -> kg CO2e/km | H24: =+IFERROR((D24*F24)/1000,0) -> 0.45576955 | M24: =+VLOOKUP(J24,'EF-S3'!$B$38:$C$88,2,) -> #N/A | N24: =+countries[[#Headers],[kgCO2e/room per night]] -> kgCO2e/room per night | O24: =+IFERROR((K24*L24*M24)/1000,0) -> 0
B25: Dubai | C25: Arabia | D25: 1579 | E25: Air | F25: =+VLOOKUP(E25,'EF-S3'!$B$17:$C$21,2,) -> 0.08117 | G25: =+'EF-S3'!$C$16 -> kg CO2e/km | H25: =+IFERROR((D25*F25)/1000,0) -> 0.12816743 | M25: =+VLOOKUP(J25,'EF-S3'!$B$38:$C$88,2,) -> #N/A | N25: =+countries[[#Headers],[kgCO2e/room per night]] -> kgCO2e/room per night | O25: =+IFERROR((K25*L25*M25)/1000,0) -> 0
B26: Arabia | C26: Madrid | D26: 3902 | E26: Air | F26: =+VLOOKUP(E26,'EF-S3'!$B$17:$C$21,2,) -> 0.08117 | G26: =+'EF-S3'!$C$16 -> kg CO2e/km | H26: =+IFERROR((D26*F26)/1000,0) -> 0.31672534 | M26: =+VLOOKUP(J26,'EF-S3'!$B$38:$C$88,2,) -> #N/A | N26: =+countries[[#Headers],[kgCO2e/room per night]] -> kgCO2e/room per night | O26: =+IFERROR((K26*L26*M26)/1000,0) -> 0
B27: Madrid | C27: Düsseldorf | D27: 1447.2 | E27: Air | F27: =+VLOOKUP(E27,'EF-S3'!$B$17:$C$21,2,) -> 0.08117 | G27: =+'EF-S3'!$C$16 -> kg CO2e/km | H27: =+IFERROR((D27*F27)/1000,0) -> 0.11746922 | M27: =+VLOOKUP(J27,'EF-S3'!$B$38:$C$88,2,) -> #N/A | N27: =+countries[[#Headers],[kgCO2e/room per night]] -> kgCO2e/room per night | O27: =+IFERROR((K27*L27*M27)/1000,0) -> 0
B28: Düsseldorf | C28: Madrid | D28: 1447.2 | E28: Air | F28: =+VLOOKUP(E28,'EF-S3'!$B$17:$C$21,2,) -> 0.08117 | G28: =+'EF-S3'!$C$16 -> kg CO2e/km | H28: =+IFERROR((D28*F28)/1000,0) -> 0.11746922 | M28: =+VLOOKUP(J28,'EF-S3'!$B$38:$C$88,2,) -> #N/A | N28: =+countries[[#Headers],[kgCO2e/room per night]] -> kgCO2e/room per night | O28: =+IFERROR((K28*L28*M28)/1000,0) -> 0
B29: Madrid | C29: Barcelona | D29: 505 | E29: Rail | F29: =+VLOOKUP(E29,'EF-S3'!$B$17:$C$21,2,) -> 0.03549 | G29: =+'EF-S3'!$C$16 -> kg CO2e/km | H29: =+IFERROR((D29*F29)/1000,0) -> 0.01792245 | M29: =+VLOOKUP(J29,'EF-S3'!$B$38:$C$88,2,) -> #N/A | N29: =+countries[[#Headers],[kgCO2e/room per night]] -> kgCO2e/room per night | O29: =+IFERROR((K29*L29*M29)/1000,0) -> 0
B30: Barcelona | C30: Madrid | D30: 505 | E30: Rail | F30: =+VLOOKUP(E30,'EF-S3'!$B$17:$C$21,2,) -> 0.03549 | G30: =+'EF-S3'!$C$16 -> kg CO2e/km | H30: =+IFERROR((D30*F30)/1000,0) -> 0.01792245 | M30: =+VLOOKUP(J30,'EF-S3'!$B$38:$C$88,2,) -> #N/A | N30: =+countries[[#Headers],[kgCO2e/room per night]] -> kgCO2e/room per night | O30: =+IFERROR((K30*L30*M30)/1000,0) -> 0
... B40: Londres | C40: Madrid | D40: 1714.9 | E40: Air | F40: =+VLOOKUP(E40,'EF-S3'!$B$17:$C$21,2,) -> 0.08117 | G40: =+'EF-S3'!$C$16 -> kg CO2e/km | H40: =+IFERROR((D40*F40)/1000,0) -> 0.13919843 | M40: =+VLOOKUP(J40,'EF-S3'!$B$38:$C$88,2,) -> #N/A | N40: =+countries[[#Headers],[kgCO2e/room per night]] -> kgCO2e/room per night | O40: =+IFERROR((K40*L40*M40)/1000,0) -> 0
F41: =+VLOOKUP(E41,'EF-S3'!$B$17:$C$21,2,) -> #N/A | G41: =+'EF-S3'!$C$16 -> kg CO2e/km | H41: =+IFERROR((D41*F41)/1000,0) -> 0 | M41: =+VLOOKUP(J41,'EF-S3'!$B$38:$C$88,2,) -> #N/A | N41: =+countries[[#Headers],[kgCO2e/room per night]] -> kgCO2e/room per night | O41: =+IFERROR((K41*L41*M41)/1000,0) -> 0
F42: =+VLOOKUP(E42,'EF-S3'!$B$17:$C$21,2,) -> #N/A | G42: =+'EF-S3'!$C$16 -> kg CO2e/km | H42: =+IFERROR((D42*F42)/1000,0) -> 0 | M42: =+VLOOKUP(J42,'EF-S3'!$B$38:$C$88,2,) -> #N/A | N42: =+countries[[#Headers],[kgCO2e/room per night]] -> kgCO2e/room per night | O42: =+IFERROR((K42*L42*M42)/1000,0) -> 0
F43: =+VLOOKUP(E43,'EF-S3'!$B$17:$C$21,2,) -> #N/A | G43: =+'EF-S3'!$C$16 -> kg CO2e/km | H43: =+IFERROR((D43*F43)/1000,0) -> 0 | M43: =+VLOOKUP(J43,'EF-S3'!$B$38:$C$88,2,) -> #N/A | N43: =+countries[[#Headers],[kgCO2e/room per night]] -> kgCO2e/room per night | O43: =+IFERROR((K43*L43*M43)/1000,0) -> 0
F44: =+VLOOKUP(E44,'EF-S3'!$B$17:$C$21,2,) -> #N/A | G44: =+'EF-S3'!$C$16 -> kg CO2e/km | H44: =+IFERROR((D44*F44)/1000,0) -> 0 | M44: =+VLOOKUP(J44,'EF-S3'!$B$38:$C$88,2,) -> #N/A | N44: =+countries[[#Headers],[kgCO2e/room per night]] -> kgCO2e/room per night | O44: =+IFERROR((K44*L44*M44)/1000,0) -> 0
F45: =+VLOOKUP(E45,'EF-S3'!$B$17:$C$21,2,) -> #N/A | G45: =+'EF-S3'!$C$16 -> kg CO2e/km | H45: =+IFERROR((D45*F45)/1000,0) -> 0 | M45: =+VLOOKUP(J45,'EF-S3'!$B$38:$C$88,2,) -> #N/A | N45: =+countries[[#Headers],[kgCO2e/room per night]] -> kgCO2e/room per night | O45: =+IFERROR((K45*L45*M45)/1000,0) -> 0
F46: =+VLOOKUP(E46,'EF-S3'!$B$17:$C$21,2,) -> #N/A | G46: =+'EF-S3'!$C$16 -> kg CO2e/km | H46: =+IFERROR((D46*F46)/1000,0) -> 0 | M46: =+VLOOKUP(J46,'EF-S3'!$B$38:$C$88,2,) -> #N/A | N46: =+countries[[#Headers],[kgCO2e/room per night]] -> kgCO2e/room per night | O46: =+IFERROR((K46*L46*M46)/1000,0) -> 0
F47: =+VLOOKUP(E47,'EF-S3'!$B$17:$C$21,2,) -> #N/A | G47: =+'EF-S3'!$C$16 -> kg CO2e/km | H47: =+IFERROR((D47*F47)/1000,0) -> 0 | M47: =+VLOOKUP(J47,'EF-S3'!$B$38:$C$88,2,) -> #N/A | N47: =+countries[[#Headers],[kgCO2e/room per night]] -> kgCO2e/room per night | O47: =+IFERROR((K47*L47*M47)/1000,0) -> 0
F48: =+VLOOKUP(E48,'EF-S3'!$B$17:$C$21,2,) -> #N/A | G48: =+'EF-S3'!$C$16 -> kg CO2e/km | H48: =+IFERROR((D48*F48)/1000,0) -> 0 | M48: =+VLOOKUP(J48,'EF-S3'!$B$38:$C$88,2,) -> #N/A | N48: =+countries[[#Headers],[kgCO2e/room per night]] -> kgCO2e/room per night | O48: =+IFERROR((K48*L48*M48)/1000,0) -> 0
F49: =+VLOOKUP(E49,'EF-S3'!$B$17:$C$21,2,) -> #N/A | G49: =+'EF-S3'!$C$16 -> kg CO2e/km | H49: =+IFERROR((D49*F49)/1000,0) -> 0 | M49: =+VLOOKUP(J49,'EF-S3'!$B$38:$C$88,2,) -> #N/A | N49: =+countries[[#Headers],[kgCO2e/room per night]] -> kgCO2e/room per night | O49: =+IFERROR((K49*L49*M49)/1000,0) -> 0
F50: =+VLOOKUP(E50,'EF-S3'!$B$17:$C$21,2,) -> #N/A | G50: =+'EF-S3'!$C$16 -> kg CO2e/km | H50: =+IFERROR((D50*F50)/1000,0) -> 0 | M50: =+VLOOKUP(J50,'EF-S3'!$B$38:$C$88,2,) -> #N/A | N50: =+countries[[#Headers],[kgCO2e/room per night]] -> kgCO2e/room per night | O50: =+IFERROR((K50*L50*M50)/1000,0) -> 0
F51: =+VLOOKUP(E51,'EF-S3'!$B$17:$C$21,2,) -> #N/A | G51: =+'EF-S3'!$C$16 -> kg CO2e/km | H51: =+IFERROR((D51*F51)/1000,0) -> 0 | M51: =+VLOOKUP(J51,'EF-S3'!$B$38:$C$88,2,) -> #N/A | N51: =+countries[[#Headers],[kgCO2e/room per night]] -> kgCO2e/room per night | O51: =+IFERROR((K51*L51*M51)/1000,0) -> 0
F52: =+VLOOKUP(E52,'EF-S3'!$B$17:$C$21,2,) -> #N/A | G52: =+'EF-S3'!$C$16 -> kg CO2e/km | H52: =+IFERROR((D52*F52)/1000,0) -> 0 | M52: =+VLOOKUP(J52,'EF-S3'!$B$38:$C$88,2,) -> #N/A | N52: =+countries[[#Headers],[kgCO2e/room per night]] -> kgCO2e/room per night | O52: =+IFERROR((K52*L52*M52)/1000,0) -> 0
... F104: =+VLOOKUP(E104,'EF-S3'!$B$17:$C$21,2,) -> #N/A | G104: =+'EF-S3'!$C$16 -> kg CO2e/km | H104: =+IFERROR((D104*F104)/1000,0) -> 0 | M104: =+VLOOKUP(J104,'EF-S3'!$B$38:$C$88,2,) -> #N/A | N104: =+countries[[#Headers],[kgCO2e/room per night]] -> kgCO2e/room per night | O104: =+IFERROR((K104*L104*M104)/1000,0) -> 0

Sheet Scope 3-Employee commuting
A5: Emission source-stream: employee commuting
B7: Total days worked in the reporting year
B8: 223
B10: Activity data | F10: EF | H10: GHG Emissions
B11: Mean of transport | C11: Distance between workplace and home (km) | D11: Remote work days per week | E11: Estimated annual kms | F11: Value | G11: Unit | H11: Total tCO2e
B12: Gasoil car | C12: 26 | D12: 2 | E12: =2*C12*$B$8*(1-D12/20) -> 10436.4 | F12: =+VLOOKUP(B12,'EF-S3'!$B$25:$D$33,2,) -> 0.16843 | G12: =+'EF-S3'!$C$24 -> kg CO2e/km | H12: =+IFERROR(E12*F12,0) -> 1757.8029
B13: Gasoil car | C13: 25 | D13: 2 | E13: =2*C13*$B$8*(1-D13/20) -> 10035 | F13: =+VLOOKUP(B13,'EF-S3'!$B$25:$D$33,2,) -> 0.16843 | G13: =+'EF-S3'!$C$24 -> kg CO2e/km | H13: =+IFERROR(E13*F13,0) -> 1690.1951
B14: Hybrid car | C14: 50 | D14: 2 | E14: =2*C14*$B$8*(1-D14/20) -> 20070 | F14: =+VLOOKUP(B14,'EF-S3'!$B$25:$D$33,2,) -> 0.11952 | G14: =+'EF-S3'!$C$24 -> kg CO2e/km | H14: =+IFERROR(E14*F14,0) -> 2398.7664
B15: Gasoil car | C15: 10 | D15: 2 | E15: =2*C15*$B$8*(1-D15/20) -> 4014 | F15: =+VLOOKUP(B15,'EF-S3'!$B$25:$D$33,2,) -> 0.16843 | G15: =+'EF-S3'!$C$24 -> kg CO2e/km | H15: =+IFERROR(E15*F15,0) -> 676.07802
B16: Petrol unleaded car | C16: 10 | D16: 2 | E16: =2*C16*$B$8*(1-D16/20) -> 4014 | F16: =+VLOOKUP(B16,'EF-S3'!$B$25:$D$33,2,) -> 0.17431 | G16: =+'EF-S3'!$C$24 -> kg CO2e/km | H16: =+IFERROR(E16*F16,0) -> 699.68034
B17: Gasoil car | C17: 10 | D17: 2 | E17: =2*C17*$B$8*(1-D17/20) -> 4014 | F17: =+VLOOKUP(B17,'EF-S3'!$B$25:$D$33,2,) -> 0.16843 | G17: =+'EF-S3'!$C$24 -> kg CO2e/km | H17: =+IFERROR(E17*F17,0) -> 676.07802
B18: Motorbike | C18: 24.5 | D18: 2 | E18: =2*C18*$B$8*(1-D18/20) -> 9834.3 | F18: =+VLOOKUP(B18,'EF-S3'!$B$25:$D$33,2,) -> 0.1009 | G18: =+'EF-S3'!$C$24 -> kg CO2e/km | H18: =+IFERROR(E18*F18,0) -> 992.28087
E19: =2*C19*$B$8*(1-D19/20) -> 0 | F19: =+VLOOKUP(B19,'EF-S3'!$B$25:$D$33,2,) -> #N/A | G19: =+'EF-S3'!$C$24 -> kg CO2e/km | H19: =+IFERROR(E19*F19,0) -> 0
E20: =2*C20*$B$8*(1-D20/20) -> 0 | F20: =+VLOOKUP(B20,'EF-S3'!$B$25:$D$33,2,) -> #N/A | G20: =+'EF-S3'!$C$24 -> kg CO2e/km | H20: =+IFERROR(E20*F20,0) -> 0
E21: =2*C21*$B$8*(1-D21/20) -> 0 | F21: =+VLOOKUP(B21,'EF-S3'!$B$25:$D$33,2,) -> #N/A | G21: =+'EF-S3'!$C$24 -> kg CO2e/km | H21: =+IFERROR(E21*F21,0) -> 0
E22: =2*C22*$B$8*(1-D22/20) -> 0 | F22: =+VLOOKUP(B22,'EF-S3'!$B$25:$D$33,2,) -> #N/A | G22: =+'EF-S3'!$C$24 -> kg CO2e/km | H22: =+IFERROR(E22*F22,0) -> 0
E23: =2*C23*$B$8*(1-D23/20) -> 0 | F23: =+VLOOKUP(B23,'EF-S3'!$B$25:$D$33,2,) -> #N/A | G23: =+'EF-S3'!$C$24 -> kg CO2e/km | H23: =+IFERROR(E23*F23,0) -> 0
E24: =2*C24*$B$8*(1-D24/20) -> 0 | F24: =+VLOOKUP(B24,'EF-S3'!$B$25:$D$33,2,) -> #N/A | G24: =+'EF-S3'!$C$24 -> kg CO2e/km | H24: =+IFERROR(E24*F24,0) -> 0
E25: =2*C25*$B$8*(1-D25/20) -> 0 | F25: =+VLOOKUP(B25,'EF-S3'!$B$25:$D$33,2,) -> #N/A | G25: =+'EF-S3'!$C$24 -> kg CO2e/km | H25: =+IFERROR(E25*F25,0) -> 0
E26: =2*C26*$B$8*(1-D26/20) -> 0 | F26: =+VLOOKUP(B26,'EF-S3'!$B$25:$D$33,2,) -> #N/A | G26: =+'EF-S3'!$C$24 -> kg CO2e/km | H26: =+IFERROR(E26*F26,0) -> 0
E27: =2*C27*$B$8*(1-D27/20) -> 0 | F27: =+VLOOKUP(B27,'EF-S3'!$B$25:$D$33,2,) -> #N/A | G27: =+'EF-S3'!$C$24 -> kg CO2e/km | H27: =+IFERROR(E27*F27,0) -> 0
E28: =2*C28*$B$8*(1-D28/20) -> 0 | F28: =+VLOOKUP(B28,'EF-S3'!$B$25:$D$33,2,) -> #N/A | G28: =+'EF-S3'!$C$24 -> kg CO2e/km | H28: =+IFERROR(E28*F28,0) -> 0
E29: =2*C29*$B$8*(1-D29/20) -> 0 | F29: =+VLOOKUP(B29,'EF-S3'!$B$25:$D$33,2,) -> #N/A | G29: =+'EF-S3'!$C$24 -> kg CO2e/km | H29: =+IFERROR(E29*F29,0) -> 0
E30: =2*C30*$B$8*(1-D30/20) -> 0 | F30: =+VLOOKUP(B30,'EF-S3'!$B$25:$D$33,2,) -> #N/A | G30: =+'EF-S3'!$C$24 -> kg CO2e/km | H30: =+IFERROR(E30*F30,0) -> 0
... E103: =2*C103*$B$8*(1-D103/20) -> 0 | F103: =+VLOOKUP(B103,'EF-S3'!$B$25:$D$33,2,) -> #N/A | G103: =+'EF-S3'!$C$24 -> kg CO2e/km | H103: =+IFERROR(E103*F103,0) -> 0

Sheet RESULTS-GHG PROTOCOL
B3: CARBON FOOTPRINT SUMMARY (tCO2e) | H3: CARBON FOOTPRINT SUMMARY BY GHG PROTOCOL CATEGORIES (tCO2e)
B4: SCOPE | C4: CATEGORY | D4: tCO2e | E4: % of the Scope | F4: % total | H4: SCOPE | I4: CATEGORY | J4: tCO2e
B5: Scope 1 | C5: Stat. Combustion | D5: =+SUM('Scope 1'!P29:P104) -> 0 | E5: =+IFERROR(D5/D$8,0) -> 0 | F5: =+IFERROR(D5/D$23,0) -> 0 | H5: Scope 1 | I5: Direct emissions | J5: =+D8 -> 0
C6: Mob. Combustion | D6: =+SUM('Scope 1'!AG29:AG104) -> 0 | E6: =+IFERROR(D6/D$8,0) -> 0 | F6: =+IFERROR(D6/D$23,0) -> 0
C7: Refrigerant Gases | D7: =+SUM('Scope 1'!AQ29:AQ104) -> 0 | E7: =+IFERROR(D7/D$8,0) -> 0 | F7: =+IFERROR(D7/D$23,0) -> 0 | H7: Scope 2 | I7: Indirect emissions by purchase of electricity and heat | J7: =+D12 -> 2.3477134
C8: TOTAL | D8: =+SUM(D5:D7) -> 0 | E8: =+IFERROR(D8/D$8,0) -> 0 | F8: =+IFERROR(D8/D$23,0) -> 0
H9: Scope 3 | I9: Goods and services | J9: =+SUM(D14:D15) -> 0.094033478
B10: Scope 2 (location) | C10: Electricity | D10: =+SUM('Scope 2'!M9:M103) -> 2.3477134 | E10: =+IFERROR(D10/D$12,0) -> 1 | F10: =+IFERROR(D10/D$23,0) -> 0.00026359725 | I10: Upstream transportation | J10: =+D16 -> 0
C11: Heat | D11: =+SUM('Scope 2'!AB9:AB103) -> 0 | E11: =+IFERROR(D11/D$12,0) -> 0 | F11: =+IFERROR(D11/D$23,0) -> 0 | I11: Waste generated in operations | J11: =+D18 -> 0
C12: TOTAL | D12: =+SUM(D10:D11) -> 2.3477134 | E12: =+IFERROR(D12/D$12,0) -> 1 | F12: =+IFERROR(D12/D$23,0) -> 0.00026359725 | I12: Business travel | J12: =+D19 -> 13.117871
I13: Employee commuting | J13: =+D20 -> 8890.8816
B14: Scope 3 | C14: Water consumption | D14: =+SUM('Scope 3-Water consumption'!F8:F102) -> 0.0894 | E14: =+IFERROR(D14/D$21,0) -> 1.0040326e-05 | F14: =+IFERROR(D14/D$23,0) -> 1.0037679e-05 | I14: Downstream transportation | J14: =+D17 -> 0
C15: Raw materials | D15: =+SUM('Scope 3-Raw materials'!G10:G102) -> 0.0046334783 | E15: =+IFERROR(D15/D$21,0) -> 5.2037619e-07 | F15: =+IFERROR(D15/D$23,0) -> 5.2023902e-07
C16: Upstream transportation | D16: =+SUM('Scope 3-Upstream transp.'!M9:M103) -> 0 | E16: =+IFERROR(D16/D$21,0) -> 0 | F16: =+IFERROR(D16/D$23,0) -> 0
C17: Downstream transportation | D17: =+SUM('Scope 3-Downstream transp.'!L11:L104) -> 0 | E17: =+IFERROR(D17/D$21,0) -> 0 | F17: =+IFERROR(D17/D$23,0) -> 0
C18: Waste generation | D18: =+SUM('Scope 3-Waste generation'!I10:I103) -> 0 | E18: =+IFERROR(D18/D$21,0) -> 0 | F18: =+IFERROR(D18/D$23,0) -> 0
C19: Business travel | D19: =+SUM('Scope 3-Business travel'!H10:H104)+SUM('Scope 3-Business travel'!O10:O104) -> 13.117871 | E19: =+IFERROR(D19/D$21,0) -> 0.0014732405 | F19: =+IFERROR(D19/D$23,0) -> 0.0014728522
C20: Employee commuting | D20: =+SUM('Scope 3-Employee commuting'!H12:H103) -> 8890.8816 | E20: =+IFERROR(D20/D$21,0) -> 0.9985162 | F20: =+IFERROR(D20/D$23,0) -> 0.99825299
C21: TOTAL | D21: =+SUM(D14:D20) -> 8904.0935 | E21: =+IFERROR(D21/D$21,0) -> 1 | F21: =+IFERROR(D21/D$23,0) -> 0.9997364
B23: TOTAL GHG EMISSIONS | D23: =+SUM(D8,D12,D21) -> 8906.4412

Sheet EF-S1
B8: Stationary combustion for energy industries | J8: Mobile combustion (km traveled) | U8: Refrigerant gases
B9: Fuel type | C9: kg CO2/TJ | D9: kg CH4/TJ | E9: kg N2O/TJ | F9: Source | J9: Fuel type | K9: kg CO2/km | L9: kg CH4/km | M9: kg N2O/km | N9: Source | R9: Type of GHG | S9: GWP | U9: Type of Gas | V9: GWP | W9: Source
B10: Natural gas | C10: 56100 | D10: 1 | E10: 0.1 | F10: 2006 IPCC Guidelines for National Greenhouse Gas Inventories - Chapter 2: Energy | J10: Petrol_unleaded | K10: 0.17363 | L10: 1.14e-05 | M10: 1.4e-06 | N10: Defra Carbon Factors: Bussines travel - land - Cars (by size) - Average car - Type of fuel Petrol | R10: CO2 | S10: 1 | U10: HFC R-125 | V10: 2024 | W10: IPCC Fifth Assessment Report 2014 (AR5) + https://www.ipcc.ch/site/assets/uploads/2018/02/WG1AR5_Chapter08_FINAL.pdf
B11: Gasoil | C11: 74100 | D11: 3 | E11: 0.6 | J11: Gasoil | K11: 0.16655 | L11: 1e-07 | M11: 7.1e-06 | N11: Defra Carbon Factors: Bussines travel - land - Cars (by size) - Average car - Type of fuel Diesel | R11: CH4 | S11: 28 | U11: HFC R-417A | V11: 2127 | W11: IPCC Fifth Assessment Report 2014 (AR5) + https://www.ipcc.ch/site/assets/uploads/2018/02/WG1AR5_Chapter08_FINAL.pdf
B12: Motor gasoline | C12: 69300 | D12: 3 | E12: 0.6 | J12: Hybrid | K12: 0.11825 | L12: 6.1e-06 | M12: 4.2e-06 | N12: Defra Carbon Factors: Bussines travel - land - Cars (by size) - Average car - Hybrid | R12: N2O | S12: 265 | U12: HFC R-22 | V12: 1760 | W12: IPCC Fifth Assessment Report 2014 (AR5) + https://www.ipcc.ch/site/assets/uploads/2018/02/WG1AR5_Chapter08_FINAL.pdf
B13: LPG | C13: 63100 | D13: 1 | E13: 0.1 | J13: Plugin_hybrid | K13: 0.09622 | L13: 1.18e-05 | M13: 1.5e-06 | N13: Defra Carbon Factors: Bussines travel - land - Cars (by size) - Average car - Plug-in Hybrid Electric Vehicle | U13: HFC R-407C | V13: 1624 | W13: IPCC Fifth Assessment Report 2014 (AR5) + https://www.ipcc.ch/site/assets/uploads/2018/02/WG1AR5_Chapter08_FINAL.pdf
J14: Electric | K14: 0.05421 | L14: 7.5e-06 | M14: 1.3e-06 | N14: Defra Carbon Factors: Bussines travel - land - Cars (by size) - Average car - Battery Electric Vehicle | U14: HFC R-134A | V14: 1300 | W14: IPCC Fifth Assessment Report 2014 (AR5) + https://www.ipcc.ch/site/assets/uploads/2018/02/WG1AR5_Chapter08_FINAL.pdf
B15: Manufacturing industries and construction | J15: Natural_gas | K15: 0.17425 | L15: 5.64e-05 | M15: 1.5e-06 | N15: Defra Carbon Factors: Bussines travel - land - Cars (by size) - Average car - CNG | U15: HFC R-410A | V15: 1924 | W15: IPCC Fifth Assessment Report 2014 (AR5) + https://www.ipcc.ch/site/assets/uploads/2018/02/WG1AR5_Chapter08_FINAL.pdf
B16: Fuel type | C16: kg CO2/TJ | D16: kg CH4/TJ | E16: kg N2O/TJ | F16: Source | J16: Unknown | K16: 0.17021 | L16: 6.1e-06 | M16: 4.2e-06 | N16: Defra Carbon Factors: Passenger vehicles - Cars (by size) - Average car - Type of fuel unkown | U16: HFC R-434A | V16: 3075 | W16: IPCC Fifth Assessment Report 2014 (AR5) + https://www.ipcc.ch/site/assets/uploads/2018/02/WG1AR5_Chapter08_FINAL.pdf
B17: Natural gas | C17: 56100 | D17: 1 | E17: 0.1 | F17: 2006 IPCC Guidelines for National Greenhouse Gas Inventories - Chapter 2: Energy | U17: HFC R-422A | V17: 2847 | W17: IPCC Fifth Assessment Report 2014 (AR5) + https://www.ipcc.ch/site/assets/uploads/2018/02/WG1AR5_Chapter08_FINAL.pdf
B18: Gasoil | C18: 74100 | D18: 3 | E18: 0.6 | U18: HFC R-422D | V18: 2473 | W18: IPCC Fifth Assessment Report 2014 (AR5) + https://www.ipcc.ch/site/assets/uploads/2018/02/WG1AR5_Chapter08_FINAL.pdf
B19: Motor gasoline | C19: 69300 | D19: 3 | E19: 0.6 | J19: Mobile combustion (liters consumed) | U19: HFC R-452A | V19: 1945 | W19: IPCC Fifth Assessment Report 2014 (AR5) + https://www.ipcc.ch/site/assets/uploads/2018/02/WG1AR5_Chapter08_FINAL.pdf
B20: LPG | C20: 63100 | D20: 1 | E20: 0.1 | J20: Fuel type | K20: kg CO2/TJ | L20: kg CH4/TJ | M20: kg N2O/TJ | N20: Density (kg/m3) | O20: Net calorific value (TJ/Gg) | P20: Source | U20: HFC R-404A | V20: 3943 | W20: IPCC Fifth Assessment Report 2014 (AR5) + https://www.ipcc.ch/site/assets/uploads/2018/02/WG1AR5_Chapter08_FINAL.pdf
J21: Petrol unleaded | K21: 69300 | L21: 25 | M21: 8 | N21: =+AVERAGE(720,775) -> 747.5 | O21: 44.3 | P21: 2006 IPCC Guidelines for National Greenhouse Gas Inventories - Chapter 2: Energy | U21: HFC R-448A | V21: 1386 | W21: IPCC Fourth Assessment Report 2007 (AR4) + https://www.environment.gov.au/ozone/rac/global-warming-potential-values-hfc-refrigerants
B22: Commercial/institutional | J22: Gasoil | K22: 74100 | L22: 3.9 | M22: 3.9 | N22: =+AVERAGE(820,845) -> 832.5 | O22: 43 | P22: 2006 IPCC Guidelines for National Greenhouse Gas Inventories - Chapter 2: Energy | U22: HFC R-410E | V22: 2229 | W22: IPCC Fourth Assessment Report 2007 (AR4) + https://www.environment.gov.au/ozone/rac/global-warming-potential-values-hfc-refrigerants
B23: Fuel type | C23: kg CO2/TJ | D23: kg CH4/TJ | E23: kg N2O/TJ | F23: Source | J23: LPG | K23: 63100 | L23: 62 | M23: 0.2 | N23: =+AVERAGE(502,535,560) -> 532.33333 | O23: 47.3 | P23: 2006 IPCC Guidelines for National Greenhouse Gas Inventories - Chapter 2: Energy | U23: HFC R-32 | V23: 675 | W23: IPCC Fifth Assessment Report 2014 (AR5) + https://www.ipcc.ch/site/assets/uploads/2018/02/WG1AR5_Chapter08_FINAL.pdf
B24: Natural gas | C24: 56100 | D24: 5 | E24: 0.1 | F24: 2006 IPCC Guidelines for National Greenhouse Gas Inventories - Chapter 2: Energy | J24: CNG | K24: 56100 | L24: 92 | M24: 3 | N24: 158.49 | O24: 48 | P24: 2006 IPCC Guidelines for National Greenhouse Gas Inventories - Chapter 2: Energy | U24: HFC R-143A | V24: 4800 | W24: IPCC Fifth Assessment Report 2014 (AR5) + https://www.ipcc.ch/site/assets/uploads/2018/02/WG1AR5_Chapter08_FINAL.pdf
B25: Gasoil | C25: 74100 | D25: 10 | E25: 0.6 | J25: Fuel type | K25: kg CO2/l | L25: kg CH4/l | M25: kg N2O/l
B26: Motor gasoline | C26: 69300 | D26: 10 | E26: 0.6 | J26: Petrol_unleaded | K26: =+K21*$O21*$S$10/10^6*($N21/1000) -> 2.2948175 | L26: =+L21*$O21*$S$11/10^6*($N21/1000) -> 0.023179975 | M26: =+M21*$O21*$S$12/10^6*($N21/1000) -> 0.07020221
B27: LPG | C27: 63100 | D27: 5 | E27: 0.1 | J27: Gasoil | K27: =+K22*$O22*$S$10/10^6*($N22/1000) -> 2.6525948 | L27: =+L22*$O22*$S$11/10^6*($N22/1000) -> 0.003909087 | M27: =+M22*$O22*$S$12/10^6*($N22/1000) -> 0.036996716
J28: LPG | K28: =+K23*$O23*$S$10/10^6*($N23/1000) -> 1.588818 | L28: =+L23*$O23*$S$11/10^6*($N23/1000) -> 0.043711381 | M28: =+M23*$O23*$S$12/10^6*($N23/1000) -> 0.0013345064
B29: Residential and agriculture/forestry/fishing/fishing farms | J29: CNG | K29: =+K24*$O24*$S$10/10^6*($N24/1000) -> 0.42678187 | L29: =+L24*$O24*$S$11/10^6*($N24/1000) -> 0.019596972 | M29: =+M24*$O24*$S$12/10^6*($N24/1000) -> 0.0060479784
B30: Fuel type | C30: kg CO2/TJ | D30: kg CH4/TJ | E30: kg N2O/TJ | F30: Source
B31: Natural gas | C31: 56100 | D31: 5 | E31: 0.1 | F31: 2006 IPCC Guidelines for National Greenhouse Gas Inventories - Chapter 2: Energy
B32: Gasoil | C32: 74100 | D32: 10 | E32: 0.6
B33: Motor gasoline | C33: 69300 | D33: 10 | E33: 0.6
B34: LPG | C34: 63100 | D34: 5 | E34: 0.1
B36: Conversion factors (HCV)
B37: Fuel type | C37: kWh/m3 | D37: kWh/kg | E37: kg/m3 | F37: Source
B38: Natural gas | C38: 11.7 | D38: 15.75 | E38: 0.743 | F38: http://gasnam.es/wp-content/uploads/2016/02/Tabla_equivalencias_GASNAM_SEDIGAS.pdf
B39: Gasoil | C39: 10260 | D39: 12.14 | E39: 845
B40: Motor gasoline | C40: 9230 | D40: 12.39 | E40: 745
B41: LPG | C41: 7730 | D41: 13.8 | E41: 560
B45: General | C45: 1 | D45: TJ | E45: 277777.78 | F45: kWh
C46: 1 | D46: kWh | E46: 3.6 | F46: MJ
C47: 1 | D47: m3 | E47: 1000 | F47: l

Sheet EF-S2
B8: 2019 Electricity EF from IEA (gGHG/kWh) | K8: Heat | M8: Source
B9: CO2 | E9: CH4 | H9: N2O | K9: kg CO2e/kWh | L9: 0.17073 | M9: 2021 DEFRA Emissions factors - Heat and steam - District heat and steam
K10: kg CO2e of CO2/kWh | L10: 0.16906
B11: World | C11: 474.8 | E11: World | F11: 0.3 | H11: World | I11: 1.9 | K11: kg CO2e of CH4/kWh | L11: 0.00109
B12: OECD Total | C12: 344.6 | E12: OECD Total | F12: 0.2 | H12: OECD Total | I12: 1.2 | K12: kg CO2e of N2O/kWh | L12: 0.00058
B13: OECD Americas | C13: 351.9 | E13: OECD Americas | F13: 0.2 | H13: OECD Americas | I13: 1.2
B14: OECD Asia Oceania | C14: 512.6 | E14: OECD Asia Oceania | F14: 0.3 | H14: OECD Asia Oceania | I14: 1.8
B15: OECD Europe | C15: 241.1 | E15: OECD Europe | F15: 0.3 | H15: OECD Europe | I15: 1
B16: Africa | C16: 588.4 | E16: Africa | F16: 0.3 | H16: Africa | I16: 1.8
B17: Non-OECD Americas | C17: 184 | E17: Non-OECD Americas | F17: 0.2 | H17: Non-OECD Americas | I17: 0.5
B18: Middle East | C18: 566.2 | E18: Middle East | F18: 0.4 | H18: Middle East | I18: 0.7
B19: Non-OECD Europe and Eurasia | C19: 405.6 | E19: Non-OECD Europe and Eurasia | F19: 0.2 | H19: Non-OECD Europe and Eurasia | I19: 1
B20: Non-OECD Asia (excluding China) | C20: 649.3 | E20: Non-OECD Asia (excluding China) | F20: 0.4 | H20: Non-OECD Asia (excluding China) | I20: 2.9
B21: China (PR of China and Hong Kong China) | C21: 623.3 | E21: China (PR of China and Hong Kong China) | F21: 0.3 | H21: China (PR of China and Hong Kong China) | I21: 3
B22: Albania | C22: 0 | E22: Albania | F22: 0 | H22: Albania | I22: 0
B23: Algeria | C23: 483.8 | E23: Algeria | F23: 0.2 | H23: Algeria | I23: 0.3
B24: Angola | C24: 298.4 | E24: Angola | F24: 0.3 | H24: Angola | I24: 0.6
... B198: Memo: G20 | C198: 478.6 | E198: Memo: G20 | F198: 0.3 | H198: Memo: G20 | I198: 2

Sheet EF-S3
B8: Water supply | J8: Up-downstream transportation
B9: Water source | C9: kg CO2e/m3 | D9: Source | J9: Mean of transport | K9: DEFRA category | L9: FE 2021 | M9: Unit
B10: City network | C10: 0.149 | D10: DEFRA Carbon Factors - Water supply | J10: Road | K10: All Artics | L10: 0.05944 | M10: kgCO2e/tonne*km
B11: Well | C11: 0 | J11: Road | K11: All HGVs | L11: 0.07375 | M11: kgCO2e/tonne*km
B12: Surface water catchment | C12: 0 | J12: Road | K12: Rigid (>17 tonnes) | L12: 0.12009 | M12: kgCO2e/tonne*km
B13: Water treatment (wastewater from another organization) | C13: 0.272 | D13: DEFRA Carbon Factors - Water treatment | J13: Air | K13: Air | L13: 0.53867 | M13: kgCO2e/tonne*km
J14: Rail | K14: Freight train | L14: 0.02782 | M14: kgCO2e/tonne*km
B15: Business travel (km traveled) | J15: Sea | K15: Vehicle transport | L15: 0.038579 | M15: kgCO2e/tonne*km
B16: Fuel type | C16: kg CO2e/km | D16: Source | J16: Sea | K16: General Cargo | L16: 0.013232 | M16: kgCO2e/tonne*km
B17: Average car | C17: 0.17148 | D17: Defra Carbon Factors - Business travel - land - Cars (by size) - Average car - Unknown fuel - km | J17: Sea | K17: RORO Ferry | L17: 0.051659 | M17: kgCO2e/tonne*km
B18: Air | C18: 0.08117 | D18: Defra Carbon Factors - Business travel - air - Flights - Short Haul - Average passenger - Without RF
B19: Rail | C19: 0.03549 | D19: Defra Carbon Factors - Business travel - land - Rail - National rail
B20: Motorbike | C20: 0.1009 | D20: Defra Carbon Factors - Business travel - land - Motorbike - Medium - km | J20: Raw materials
B21: Bus | C21: 0.10227 | D21: Defra Carbon Factors - Business travel - land - Bus - Average local bus | J21: Type | K21: Value | L21: Unit | M21: Source | N21: Columna2 | O21: Columna3 | P21: Columna4
J22: Aggregates | K22: 7.7589016 | L22: kgCO2e/t | M22: DEFRA Carbon Factors - Material use - Primary material production
B23: Employee commuting (km traveled) | J23: Average construction | K23: 79.973673 | L23: kgCO2e/t | M23: DEFRA Carbon Factors - Material use - Primary material production
B24: Fuel type | C24: kg CO2e/km | D24: Source | J24: Asbestos | K24: 27 | L24: kgCO2e/t | M24: DEFRA Carbon Factors - Material use - Primary material production
B25: Petrol unleaded car | C25: 0.17431 | D25: Defra Carbon Factors: Bussines travel - land - Cars (by size) - Average car - Type of fuel Petrol | J25: Asphalt | K25: 39.212492 | L25: kgCO2e/t | M25: DEFRA Carbon Factors - Material use - Primary material production
B26: Gasoil car | C26: 0.16843 | D26: Defra Carbon Factors: Bussines travel - land - Cars (by size) - Average car - Type of fuel Diesel | E26: 7.1e-06 | J26: Bricks | K26: 241.7589 | L26: kgCO2e/t | M26: DEFRA Carbon Factors - Material use - Primary material production
B27: Hybrid car | C27: 0.11952 | D27: Defra Carbon Factors: Bussines travel - land - Cars (by size) - Average car - Hybrid | E27: 4.2e-06 | J27: Concrete | K27: 131.7589 | L27: kgCO2e/t | M27: DEFRA Carbon Factors - Material use - Primary material production
B28: Plug-in hybrid car | C28: 0.09694 | D28: Defra Carbon Factors: Bussines travel - land - Cars (by size) - Average car - Plug-in Hybrid Electric Vehicle | E28: 1.5e-06 | J28: Insulation | K28: 1861.7589 | L28: kgCO2e/t | M28: DEFRA Carbon Factors - Material use - Primary material production
B29: Electric car | C29: 0.05477 | D29: Defra Carbon Factors: Bussines travel - land - Cars (by size) - Average car - Battery Electric Vehicle | E29: 1.3e-06 | J29: Metals | K29: 3975.8234 | L29: kgCO2e/t | M29: DEFRA Carbon Factors - Material use - Primary material production
B30: CNG car | C30: 0.17624 | D30: Defra Carbon Factors: Bussines travel - land - Cars (by size) - Average car - CNG | E30: 1.5e-06 | J30: Soils | K30: 0.98 | L30: kgCO2e/t | M30: DEFRA Carbon Factors - Material use - Closed-loop source
B31: Unknown car | C31: 0.17148 | D31: Defra Carbon Factors: Passenger vehicles - Cars (by size) - Average car - Type of fuel unkown | E31: 4.2e-06 | J31: Mineral oil | K31: 1401 | L31: kgCO2e/t | M31: DEFRA Carbon Factors - Material use - Primary material production
B32: Motorbike | C32: 0.1009 | D32: Defra Carbon Factors - Business travel - land - Motorbike - Medium - km | J32: Plasterboard | K32: 120.05 | L32: kgCO2e/t | M32: DEFRA Carbon Factors - Material use - Primary material production
B33: Bus | C33: 0.10227 | D33: Defra Carbon Factors - Business travel - land - Bus - Average local bus | J33: Tyres | K33: 3335.5719 | L33: kgCO2e/t | M33: DEFRA Carbon Factors - Material use - Primary material production
J34: Wood | K34: 312.61178 | L34: kgCO2e/t | M34: DEFRA Carbon Factors - Material use - Primary material production
J35: Books | L35: kgCO2e/t | M35: DEFRA Carbon Factors - Material use - Primary material production
B36: Business travel | J36: Glass | K36: 1402.7667 | L36: kgCO2e/t | M36: DEFRA Carbon Factors - Material use - Primary material production
B37: Country | C37: kgCO2e/room per night | J37: Clothing | K37: 22310 | L37: kgCO2e/t | M37: DEFRA Carbon Factors - Material use - Primary material production
B38: Argentina | C38: 56 | J38: Food and drink | K38: 3701.4036 | L38: kgCO2e/t | M38: DEFRA Carbon Factors - Material use - Primary material production
B39: Australia | C39: 42.6 | J39: Compost derived from garden waste | K39: 113.30891 | L39: kgCO2e/t | M39: DEFRA Carbon Factors - Material use - Primary material production
B40: Austria | C40: 13.9 | J40: Compost derived from food and garden waste | K40: 116.12553 | L40: kgCO2e/t | M40: DEFRA Carbon Factors - Material use - Primary material production
B41: Belgium | C41: 10.9 | J41: Electrical items - fridges and freezers | K41: 4363.3333 | L41: kgCO2e/t | M41: DEFRA Carbon Factors - Material use - Primary material production
B42: Brazil | C42: 12.3 | J42: Electrical items - large | K42: 3267 | L42: kgCO2e/t | M42: DEFRA Carbon Factors - Material use - Primary material production
B43: Canada | C43: 16.1 | J43: Electrical items - IT | K43: 24865.476 | L43: kgCO2e/t | M43: DEFRA Carbon Factors - Material use - Primary material production
B44: Chile | C44: 30.5 | J44: Electrical items - small | K44: 5647.9456 | L44: kgCO2e/t | M44: DEFRA Carbon Factors - Material use - Primary material production
B45: China | C45: 62.9 | J45: Batteries - Alkaline | K45: 4633.4783 | L45: kgCO2e/t | M45: DEFRA Carbon Factors - Material use - Primary material production
B46: Colombia | C46: 13.5 | J46: Batteries - Li ion | K46: 6308 | L46: kgCO2e/t | M46: DEFRA Carbon Factors - Material use - Primary material production
B47: Costa Rica | C47: 7.5 | J47: Batteries - NiMh | K47: 28380 | L47: kgCO2e/t | M47: DEFRA Carbon Factors - Material use - Primary material production
B48: Czech Republic | C48: 36.2 | J48: Metal: aluminium cans and foil (excl. forming) | K48: 9122.6364 | L48: kgCO2e/t | M48: DEFRA Carbon Factors - Material use - Primary material production
B49: Egypt | C49: 56.5 | J49: Metal: mixed cans | K49: 5268.5564 | L49: kgCO2e/t | M49: DEFRA Carbon Factors - Material use - Primary material production
... B63: Macau, China | C63: 75.6 | J63: Paper and board: paper | K63: 919.39628 | L63: kgCO2e/t | M63: DEFRA Carbon Factors - Material use - Primary material production
B64: Malaysia | C64: 83
B65: Maldives | C65: 183.3
B66: Mexico | C66: 25.9
B67: Netherlands | C67: 20.9
B68: New Zealand | C68: 10.4
B69: Panama | C69: 22.1
B70: Peru | C70: 22.5
B71: Philippines | C71: 44.2
B72: Poland | C72: 33.2
B73: Portugal | C73: 26
B74: Qatar | C74: 126.8
B75: Romania | C75: 25.5
... B88: Vietnam | C88: 51.8

Sheet EF-S3 Waste
Q6: LER - DEFRA category equivalence
B7: DEFRA 2021 - Waste Disposal
Q8: LER | R8: DEFRA Waste type
E9: Re-use | F9: Open-loop | G9: Closed-loop | H9: Combustion | I9: Composting | J9: Landfill | K9: Anaerobic digestion | Q9: 120301 | R9: Commercial and industrial waste
B10: Activity | C10: Waste type | D10: Unit | E10: kg CO2e | F10: kg CO2e | G10: kg CO2e | H10: kg CO2e | I10: kg CO2e | J10: kg CO2e | K10: kg CO2e | Q10: 130205 | R10: Mineral oil
B11: Construction | C11: Aggregates | D11: tonnes | F11: 0.9891416 | G11: 0.9891416 | J11: 1.2393136 | Q11: 130208 | R11: Mineral oil
C12: Average construction | D12: tonnes | F12: 0.9891416 | G12: 0.9891416 | Q12: 130502 | R12: Commercial and industrial waste
C13: Asbestos | D13: tonnes | J13: 5.9184264 | Q13: 130507 | R13: Commercial and industrial waste
C14: Asphalt | D14: tonnes | F14: 0.9891416 | G14: 0.9891416 | J14: 1.2393136 | Q14: 140603 | R14: Commercial and industrial waste
C15: Bricks | D15: tonnes | F15: 0.9891416 | J15: 1.2393136 | Q15: 150110 | R15: Plastics: average plastics
C16: Concrete | D16: tonnes | F16: 0.9891416 | G16: 0.9891416 | J16: 1.2393136 | Q16: 150202 | R16: Commercial and industrial waste
C17: Insulation | D17: tonnes | G17: 0.9891416 | J17: 1.2393136 | Q17: 160107 | R17: Commercial and industrial waste
C18: Metals | D18: tonnes | G18: 0.9891416 | J18: 1.2643491 | Q18: 160114 | R18: Commercial and industrial waste
C19: Soils | D19: tonnes | G19: 0.9891416 | J19: 17.582695 | Q19: 160303 | R19: Commercial and industrial waste
C20: Mineral oil | D20: tonnes | G20: 21.293566 | H20: 21.293566 | Q20: 160504 | R20: Commercial and industrial waste
C21: Plasterboard | D21: tonnes | G21: 21.293566 | J21: 71.95 | Q21: 160506 | R21: Commercial and industrial waste
C22: Tyres | D22: tonnes | G22: 21.293566 | Q22: 160507 | R22: Commercial and industrial waste
C23: Wood | D23: tonnes | G23: 21.293566 | H23: 21.293566 | I23: 8.9506977 | J23: 828.03227 | Q23: 160601 | R23: Batteries
Q24: 160602 | R24: Batteries
Q25: 160603 | R25: Batteries
E26: Re-use | F26: Open-loop | G26: Closed-loop | H26: Combustion | I26: Composting | J26: Landfill | K26: Anaerobic digestion | Q26: 161001 | R26: Commercial and industrial waste
B27: Activity | C27: Waste type | D27: Unit | E27: kg CO2e | F27: kg CO2e | G27: kg CO2e | H27: kg CO2e | I27: kg CO2e | J27: kg CO2e | K27: kg CO2e | Q27: 170409 | R27: Metal: scrap metal
B28: Other | C28: Books | D28: tonnes | G28: 21.293566 | H28: 21.293566 | J28: 1041.8037 | Q28: 170503 | R28: Soils
C29: Glass | D29: tonnes | F29: 21.293566 | G29: 21.293566 | H29: 21.293566 | J29: 8.9019922 | Q29: 170605 | R29: Asbestos
C30: Clothing | D30: tonnes | G30: 21.293566 | H30: 21.293566 | J30: 444.94341 | Q30: 180103 | R30: Commercial and industrial waste
Q31: 190806 | R31: Commercial and industrial waste
Q32: 200121 | R32: WEEE - mixed
E33: Re-use | F33: Open-loop | G33: Closed-loop | H33: Combustion | I33: Composting | J33: Landfill | K33: Anaerobic digestion | Q33: 200133 | R33: Batteries
B34: Activity | C34: Waste type | D34: Unit | E34: kg CO2e | F34: kg CO2e | G34: kg CO2e | H34: kg CO2e | I34: kg CO2e | J34: kg CO2e | K34: kg CO2e | Q34: 200135 | R34: WEEE - mixed
B35: Refuse | C35: Household residual waste | D35: tonnes | F35: 21.293566 | G35: 21.293566 | H35: 21.293566 | I35: 8.9506977 | J35: 446.2415 | K35: 8.9506977 | Q35: 060101 | R35: Commercial and industrial waste
C36: Organic: food and drink waste | D36: tonnes | H36: 21.293566 | I36: 8.9506977 | J36: 626.87487 | K36: 8.9506977 | Q36: 060201 | R36: Commercial and industrial waste
C37: Organic: garden waste | D37: tonnes | H37: 21.293566 | I37: 8.9506977 | J37: 578.95913 | K37: 8.9506977 | Q37: 060204 | R37: Commercial and industrial waste
C38: Organic: mixed food and garden waste | D38: tonnes | H38: 21.293566 | I38: 8.9506977 | J38: 587.34439 | K38: 8.9506977 | Q38: 060205 | R38: Commercial and industrial waste
C39: Commercial and industrial waste | D39: tonnes | G39: 21.293566 | H39: 21.293566 | I39: 8.9506977 | J39: 467.0458 | K39: 8.9506977 | Q39: 080111 | R39: Commercial and industrial waste
Q40: 080317 | R40: Plastics: average plastic rigid
Q41: 130701 | R41: Commercial and industrial waste
E42: Re-use | F42: Open-loop | G42: Closed-loop | H42: Combustion | I42: Composting | J42: Landfill | K42: Anaerobic digestion | Q42: 100101 | R42: Commercial and industrial waste
B43: Activity | C43: Waste type | D43: Unit | E43: kg CO2e | F43: kg CO2e | G43: kg CO2e | H43: kg CO2e | I43: kg CO2e | J43: kg CO2e | K43: kg CO2e | Q43: 100103 | R43: Commercial and industrial waste
B44: Electrical items | C44: WEEE - fridges and freezers | D44: tonnes | F44: 21.293566 | J44: 8.9019922 | Q44: 100124 | R44: Commercial and industrial waste
C45: WEEE - large | D45: tonnes | F45: 21.293566 | H45: 21.293566 | J45: 8.9019922 | Q45: 100199 | R45: Commercial and industrial waste
C46: WEEE - mixed | D46: tonnes | F46: 21.293566 | H46: 21.293566 | J46: 8.9019922 | Q46: 150101 | R46: Municipal waste
C47: WEEE - small | D47: tonnes | F47: 21.293566 | H47: 21.293566 | J47: 8.9019922 | Q47: 150102 | R47: Plastics: average plastics
C48: Batteries | D48: tonnes | F48: 21.293566 | J48: 8.9019922 | Q48: 150103 | R48: Wood
Q49: 150203 | R49: Commercial and industrial waste
Q50: 160214 | R50: WEEE - mixed
E51: Re-use | F51: Open-loop | G51: Closed-loop | H51: Combustion | I51: Composting | J51: Landfill | K51: Anaerobic digestion | Q51: 160604 | R51: Batteries
B52: Activity | C52: Waste type | D52: Unit | E52: kg CO2e | F52: kg CO2e | G52: kg CO2e | H52: kg CO2e | I52: kg CO2e | J52: kg CO2e | K52: kg CO2e | Q52: 170203 | R52: Plastics: average plastics
B53: Metal | C53: Metal: aluminium cans and foil (excl. forming) | D53: tonnes | F53: 21.293566 | G53: 21.293566 | H53: 21.293566 | J53: 8.9019922 | Q53: 170407 | R53: Metal: scrap metal
C54: Metal: mixed cans | D54: tonnes | F54: 21.293566 | G54: 21.293566 | H54: 21.293566 | J54: 8.9019922 | Q54: 170504 | R54: Soils
C55: Metal: scrap metal | D55: tonnes | F55: 21.293566 | G55: 21.293566 | H55: 21.293566 | J55: 8.9019922 | Q55: 170604 | R55: Insulation
C56: Metal: steel cans | D56: tonnes | F56: 21.293566 | G56: 21.293566 | H56: 21.293566 | J56: 8.9019922 | Q56: 170904 | R56: Average construction
Q57: 190805 | R57: Commercial and industrial waste
Q58: 190902 | R58: Commercial and industrial waste
E59: Re-use | F59: Open-loop | G59: Closed-loop | H59: Combustion | I59: Composting | J59: Landfill | K59: Anaerobic digestion | Q59: 200101 | R59: Paper and board: mixed
B60: Activity | C60: Waste type | D60: Unit | E60: kg CO2e | F60: kg CO2e | G60: kg CO2e | H60: kg CO2e | I60: kg CO2e | J60: kg CO2e | K60: kg CO2e | Q60: 200136 | R60: WEEE - mixed
B61: Plastic | C61: Plastics: average plastics | D61: tonnes | F61: 21.293566 | G61: 21.293566 | H61: 21.293566 | J61: 8.9019922 | Q61: 200139 | R61: Plastics: average plastics
C62: Plastics: average plastic film | D62: tonnes | F62: 21.293566 | G62: 21.293566 | H62: 21.293566 | J62: 8.9019922 | Q62: 200140 | R62: Metal: scrap metal
C63: Plastics: average plastic rigid | D63: tonnes | F63: 21.293566 | G63: 21.293566 | H63: 21.293566 | J63: 8.9019922 | Q63: 200301 | R63: Municipal waste
C64: Plastics: HDPE (incl. forming) | D64: tonnes | F64: 21.293566 | G64: 21.293566 | H64: 21.293566 | J64: 8.9019922 | Q64: 200304 | R64: Commercial and industrial waste
C65: Plastics: LDPE and LLDPE (incl. forming) | D65: tonnes | F65: 21.293566 | G65: 21.293566 | H65: 21.293566 | J65: 8.9019922 | Q65: 200307 | R65: Commercial and industrial waste
C66: Plastics: PET (incl. forming) | D66: tonnes | F66: 21.293566 | G66: 21.293566 | H66: 21.293566 | J66: 8.9019922 | Q66: 020101 | R66: Commercial and industrial waste
C67: Plastics: PP (incl. forming) | D67: tonnes | F67: 21.293566 | G67: 21.293566 | H67: 21.293566 | J67: 8.9019922 | Q67: 020103 | R67: Organic: garden waste
C68: Plastics: PS (incl. forming) | D68: tonnes | F68: 21.293566 | G68: 21.293566 | H68: 21.293566 | J68: 8.9019922 | Q68: 030301 | R68: Wood
C69: Plastics: PVC (incl. forming) | D69: tonnes | F69: 21.293566 | G69: 21.293566 | H69: 21.293566 | J69: 8.9019922 | Q69: 030311 | R69: Commercial and industrial waste
Q70: 080318 | R70: Plastics: average plastic rigid
Q71: 200199 | R71: Commercial and industrial waste
E72: Re-use | F72: Open-loop | G72: Closed-loop | H72: Combustion | I72: Composting | J72: Landfill | K72: Anaerobic digestion | Q72: 60106 | R72: Commercial and industrial waste
B73: Activity | C73: Waste type | D73: Unit | E73: kg CO2e | F73: kg CO2e | G73: kg CO2e | H73: kg CO2e | I73: kg CO2e | J73: kg CO2e | K73: kg CO2e | Q73: 120112 | R73: Commercial and industrial waste
B74: Paper | C74: Paper and board: board | D74: tonnes | G74: 21.293566 | H74: 21.293566 | I74: 8.9506977 | J74: 1041.8037 | Q74: 060206 | R74: Commercial and industrial waste
C75: Paper and board: mixed | D75: tonnes | G75: 21.293566 | H75: 21.293566 | I75: 8.9506977 | J75: 1041.8037 | Q75: 30309 | R75: Commercial and industrial waste
C76: Paper and board: paper | D76: tonnes | G76: 21.293566 | H76: 21.293566 | I76: 8.9506977 | J76: 1041.8037 | Q76: 30302 | R76: Commercial and industrial waste
Q77: 30399 | R77: Commercial and industrial waste
Q78: 200399 | R78: Municipal waste
B79: Clasification for emissions calculation | M79: Treatment | N79: Cod. | Q79: 20103 | R79: Organic: garden waste
M80: R | N80: 13 | Q80: 80318 | R80: Plastics: average plastics
B81: Activity | C81: Waste type | D81: Type cod. | E81: R/D | F81: Treatment cod. | G81: EF cod. | H81: EF (kgCO2e/t) | I81: Treatment | J81: Source | M81: D | N81: 29 | Q81: 170101 | R81: Average construction
B82: Paper | C82: Paper and board: mixed | D82: 1 | E82: R | F82: 13 | G82: 13 | H82: 21.293566 | I82: Closed-loop | J82: DEFRA - Waste disposal - Paper - Paper and board: mixed - Closed-loop | Q82: 170201 | R82: Wood
B83: Paper | C83: Paper and board: mixed | D83: 1 | E83: D | F83: 29 | G83: 29 | H83: 1041.8037 | I83: Landfill | J83: DEFRA - Waste disposal - Paper - Paper and board: mixed - Landfill | Q83: 170202 | R83: Commercial and industrial waste
B84: Metal | C84: Mixed cans | D84: 2 | E84: R | F84: 13 | G84: 26 | H84: 21.293566 | I84: Closed-loop | J84: DEFRA - Waste disposal - Metal - Mixed cans - Closed-loop | Q84: 100105 | R84: Commercial and industrial waste
B85: Metal | C85: Mixed cans | D85: 2 | E85: D | F85: 29 | G85: 58 | H85: 8.9019922 | I85: Landfill | J85: DEFRA - Waste disposal - Metal - Mixed cans - Landfill | Q85: 30311 | R85: Commercial and industrial waste
B86: Metal | C86: Metal: scrap metal | D86: 3 | E86: R | F86: 13 | G86: 39 | H86: 21.293566 | I86: Closed-loop | J86: DEFRA - Waste disposal - Metal - Metal: scrap metal - Closed-loop | Q86: 200199 | R86: Commercial and industrial waste
B87: Metal | C87: Metal: scrap metal | D87: 3 | E87: D | F87: 29 | G87: 87 | H87: 8.9019922 | I87: Landfill | J87: DEFRA - Waste disposal - Metal - Metal: scrap metal - Landfill | Q87: 80111 | R87: Commercial and industrial waste
B88: Plastic | C88: Plastics: average plastics | D88: 4 | E88: R | F88: 13 | G88: 52 | H88: 21.293566 | I88: Closed-loop | J88: DEFRA - Waste disposal - Plastic - Plastics: average plastics - Closed-loop | Q88: 130701 | R88: Commercial and industrial waste
B89: Plastic | C89: Plastics: average plastics | D89: 4 | E89: D | F89: 29 | G89: 116 | H89: 8.9019922 | I89: Landfill | J89: DEFRA - Waste disposal - Plastic - Plastics: average plastics - Landfill | Q89: 170601 | R89: Asbestos
B90: Plastic | C90: Plastics: average plastic rigid | D90: 5 | E90: R | F90: 13 | G90: 65 | H90: 21.293566 | I90: Closed-loop | J90: DEFRA - Waste disposal - Plastic - Plastics: average plastic rigid - Closed-loop | Q90: 160708 | R90: Commercial and industrial waste
B91: Plastic | C91: Plastics: average plastic rigid | D91: 5 | E91: D | F91: 29 | G91: 145 | H91: 8.9019922 | I91: Landfill | J91: DEFRA - Waste disposal - Plastic - Plastics: average plastic rigid - Landfill | Q91: 20101 | R91: Commercial and industrial waste
B92: Construction | C92: Average construction | D92: 6 | E92: R | F92: 13 | G92: 78 | H92: 0.9891416 | I92: Closed-loop | J92: DEFRA - Waste disposal - Construction - Average construction - Closed-loop | Q92: 20107 | R92: Organic: garden waste
B93: Construction | C93: Wood | D93: 7 | E93: R | F93: 13 | G93: 91 | H93: 21.293566 | I93: Closed-loop | J93: DEFRA - Waste disposal - Construction - Wood - Closed-loop | Q93: 161002 | R93: Commercial and industrial waste
... B111: Refuse | C111: Organic: garden waste | D111: 16 | E111: D | F111: 29 | G111: 464 | H111: 578.95913 | I111: Landfill | J111: DEFRA - Waste disposal - Refuse - Organic: garden waste - Landfill | Q111: 170302 | R111: Commercial and industrial waste
Q112: 190814 | R112: Commercial and industrial waste
Q113: 60601 | R113: Commercial and industrial waste
B114: Activity | C114: Waste type | D114: Type cod. | E114: R/D | F114: Treatment cod. | G114: EF cod. | H114: EF (kgCO2e/t) | I114: Unit | J114: Source | Q114: 60102 | R114: Commercial and industrial waste
B115: Paper | C115: Paper and board: mixed | D115: 1 | E115: R | F115: 13 | G115: 13 | H115: 21.294 | I115: kgCO2e/t | J115: DEFRA - Waste disposal - Paper - Paper and board: mixed - Closed-loop | Q115: 150111 | R115: Commercial and industrial waste
B116: Metal | C116: Mixed cans | D116: 2 | E116: R | F116: 13 | G116: 26 | H116: 21.294 | I116: kgCO2e/t | J116: DEFRA - Waste disposal - Metal - Mixed cans - Closed-loop | Q116: 160305 | R116: Commercial and industrial waste
C117: Metal: scrap metal | D117: 3 | E117: R | F117: 13 | G117: 39 | H117: 21.294 | I117: kgCO2e/t | J117: DEFRA - Waste disposal - Metal - Metal: scrap metal - Closed-loop | Q117: 180106 | R117: Commercial and industrial waste
B118: Plastic | C118: Plastics: average plastics | D118: 4 | E118: R | F118: 13 | G118: 52 | H118: 21.294 | I118: kgCO2e/t | J118: DEFRA - Waste disposal - Plastic - Plastics: average plastics - Closed-loop | Q118: 130206 | R118: Mineral oil
C119: Plastics: average plastic rigid | D119: 5 | E119: R | F119: 13 | G119: 65 | H119: 21.294 | I119: kgCO2e/t | J119: DEFRA - Waste disposal - Plastic - Plastics: average plastic rigid - Closed-loop | Q119: 30301 | R119: Wood
B120: Construction | C120: Average construction | D120: 6 | E120: R | F120: 13 | G120: 78 | H120: 0.989 | I120: kgCO2e/t | J120: DEFRA - Waste disposal - Construction - Average construction - Closed-loop | Q120: 170402 | R120: Metal: scrap metal
C121: Wood | D121: 7 | E121: R | F121: 13 | G121: 91 | H121: 21.294 | I121: kgCO2e/t | J121: DEFRA - Waste disposal - Construction - Wood - Closed-loop | Q121: 170411 | R121: Metal: scrap metal
C122: Insulation | D122: 8 | E122: R | F122: 13 | G122: 104 | H122: 0.989 | I122: kgCO2e/t | J122: DEFRA - Waste disposal - Construction - Insulation - Closed-loop | Q122: 100117 | R122: Commercial and industrial waste
...
